location_id,scheme_name,month,coverage_percent
1,Child Vaccination,2026-01,48
1,Child Vaccination,2025-12,50
1,Child Vaccination,2025-11,54
1,Child Vaccination,2025-10,51
1,Child Vaccination,2025-09,52
1,Child Vaccination,2025-08,49
1,TB Screening,2026-01,57
1,TB Screening,2025-12,62
1,TB Screening,2025-11,51
1,TB Screening,2025-10,63
1,TB Screening,2025-09,49
1,TB Screening,2025-08,68
1,Diabetes Screening,2026-01,66
1,Diabetes Screening,2025-12,67
1,Diabetes Screening,2025-11,50
1,Diabetes Screening,2025-10,63
1,Diabetes Screening,2025-09,54
1,Diabetes Screening,2025-08,64
2,Child Vaccination,2026-01,45
2,Child Vaccination,2025-12,49
2,Child Vaccination,2025-11,42
2,Child Vaccination,2025-10,46
2,Child Vaccination,2025-09,34
2,Child Vaccination,2025-08,37
2,TB Screening,2026-01,40
2,TB Screening,2025-12,44
2,TB Screening,2025-11,47
2,TB Screening,2025-10,52
2,TB Screening,2025-09,48
2,TB Screening,2025-08,38
2,Diabetes Screening,2026-01,45
2,Diabetes Screening,2025-12,42
2,Diabetes Screening,2025-11,55
2,Diabetes Screening,2025-10,50
2,Diabetes Screening,2025-09,60
2,Diabetes Screening,2025-08,45
3,Child Vaccination,2026-01,60
3,Child Vaccination,2025-12,41
3,Child Vaccination,2025-11,40
3,Child Vaccination,2025-10,54
3,Child Vaccination,2025-09,48
3,Child Vaccination,2025-08,46
3,TB Screening,2026-01,59
3,TB Screening,2025-12,72
3,TB Screening,2025-11,59
3,TB Screening,2025-10,69
3,TB Screening,2025-09,56
3,TB Screening,2025-08,58
3,Diabetes Screening,2026-01,62
3,Diabetes Screening,2025-12,69
3,Diabetes Screening,2025-11,62
3,Diabetes Screening,2025-10,61
3,Diabetes Screening,2025-09,62
3,Diabetes Screening,2025-08,64
4,Child Vaccination,2026-01,42
4,Child Vaccination,2025-12,43
4,Child Vaccination,2025-11,59
4,Child Vaccination,2025-10,48
4,Child Vaccination,2025-09,53
4,Child Vaccination,2025-08,42
4,TB Screening,2026-01,68
4,TB Screening,2025-12,74
4,TB Screening,2025-11,64
4,TB Screening,2025-10,58
4,TB Screening,2025-09,58
4,TB Screening,2025-08,78
4,Diabetes Screening,2026-01,60
4,Diabetes Screening,2025-12,60
4,Diabetes Screening,2025-11,64
4,Diabetes Screening,2025-10,62
4,Diabetes Screening,2025-09,57
4,Diabetes Screening,2025-08,56
5,Child Vaccination,2026-01,58
5,Child Vaccination,2025-12,60
5,Child Vaccination,2025-11,51
5,Child Vaccination,2025-10,47
5,Child Vaccination,2025-09,44
5,Child Vaccination,2025-08,43
5,TB Screening,2026-01,48
5,TB Screening,2025-12,53
5,TB Screening,2025-11,55
5,TB Screening,2025-10,58
5,TB Screening,2025-09,55
5,TB Screening,2025-08,49
5,Diabetes Screening,2026-01,47
5,Diabetes Screening,2025-12,53
5,Diabetes Screening,2025-11,58
5,Diabetes Screening,2025-10,54
5,Diabetes Screening,2025-09,49
5,Diabetes Screening,2025-08,48
6,Child Vaccination,2026-01,72
6,Child Vaccination,2025-12,60
6,Child Vaccination,2025-11,67
6,Child Vaccination,2025-10,67
6,Child Vaccination,2025-09,64
6,Child Vaccination,2025-08,66
6,TB Screening,2026-01,53
6,TB Screening,2025-12,71
6,TB Screening,2025-11,69
6,TB Screening,2025-10,58
6,TB Screening,2025-09,56
6,TB Screening,2025-08,64
6,Diabetes Screening,2026-01,72
6,Diabetes Screening,2025-12,53
6,Diabetes Screening,2025-11,64
6,Diabetes Screening,2025-10,72
6,Diabetes Screening,2025-09,60
6,Diabetes Screening,2025-08,69
7,Child Vaccination,2026-01,50
7,Child Vaccination,2025-12,68
7,Child Vaccination,2025-11,50
7,Child Vaccination,2025-10,52
7,Child Vaccination,2025-09,69
7,Child Vaccination,2025-08,49
7,TB Screening,2026-01,34
7,TB Screening,2025-12,44
7,TB Screening,2025-11,45
7,TB Screening,2025-10,43
7,TB Screening,2025-09,34
7,TB Screening,2025-08,48
7,Diabetes Screening,2026-01,53
7,Diabetes Screening,2025-12,42
7,Diabetes Screening,2025-11,44
7,Diabetes Screening,2025-10,58
7,Diabetes Screening,2025-09,38
7,Diabetes Screening,2025-08,47
8,Child Vaccination,2026-01,46
8,Child Vaccination,2025-12,59
8,Child Vaccination,2025-11,51
8,Child Vaccination,2025-10,62
8,Child Vaccination,2025-09,62
8,Child Vaccination,2025-08,47
8,TB Screening,2026-01,46
8,TB Screening,2025-12,59
8,TB Screening,2025-11,62
8,TB Screening,2025-10,46
8,TB Screening,2025-09,52
8,TB Screening,2025-08,46
8,Diabetes Screening,2026-01,58
8,Diabetes Screening,2025-12,70
8,Diabetes Screening,2025-11,61
8,Diabetes Screening,2025-10,74
8,Diabetes Screening,2025-09,61
8,Diabetes Screening,2025-08,63
9,Child Vaccination,2026-01,72
9,Child Vaccination,2025-12,62
9,Child Vaccination,2025-11,67
9,Child Vaccination,2025-10,69
9,Child Vaccination,2025-09,65
9,Child Vaccination,2025-08,61
9,TB Screening,2026-01,48
9,TB Screening,2025-12,46
9,TB Screening,2025-11,37
9,TB Screening,2025-10,46
9,TB Screening,2025-09,41
9,TB Screening,2025-08,38
9,Diabetes Screening,2026-01,30
9,Diabetes Screening,2025-12,32
9,Diabetes Screening,2025-11,33
9,Diabetes Screening,2025-10,48
9,Diabetes Screening,2025-09,45
9,Diabetes Screening,2025-08,34
10,Child Vaccination,2026-01,62
10,Child Vaccination,2025-12,76
10,Child Vaccination,2025-11,62
10,Child Vaccination,2025-10,63
10,Child Vaccination,2025-09,68
10,Child Vaccination,2025-08,80
10,TB Screening,2026-01,51
10,TB Screening,2025-12,46
10,TB Screening,2025-11,45
10,TB Screening,2025-10,51
10,TB Screening,2025-09,38
10,TB Screening,2025-08,40
10,Diabetes Screening,2026-01,61
10,Diabetes Screening,2025-12,57
10,Diabetes Screening,2025-11,65
10,Diabetes Screening,2025-10,67
10,Diabetes Screening,2025-09,66
10,Diabetes Screening,2025-08,69
11,Child Vaccination,2026-01,56
11,Child Vaccination,2025-12,56
11,Child Vaccination,2025-11,54
11,Child Vaccination,2025-10,53
11,Child Vaccination,2025-09,57
11,Child Vaccination,2025-08,73
11,TB Screening,2026-01,45
11,TB Screening,2025-12,46
11,TB Screening,2025-11,49
11,TB Screening,2025-10,54
11,TB Screening,2025-09,43
11,TB Screening,2025-08,37
11,Diabetes Screening,2026-01,51
11,Diabetes Screening,2025-12,46
11,Diabetes Screening,2025-11,44
11,Diabetes Screening,2025-10,53
11,Diabetes Screening,2025-09,53
11,Diabetes Screening,2025-08,55
12,Child Vaccination,2026-01,50
12,Child Vaccination,2025-12,53
12,Child Vaccination,2025-11,51
12,Child Vaccination,2025-10,58
12,Child Vaccination,2025-09,43
12,Child Vaccination,2025-08,41
12,TB Screening,2026-01,35
12,TB Screening,2025-12,39
12,TB Screening,2025-11,37
12,TB Screening,2025-10,47
12,TB Screening,2025-09,52
12,TB Screening,2025-08,49
12,Diabetes Screening,2026-01,73
12,Diabetes Screening,2025-12,69
12,Diabetes Screening,2025-11,60
12,Diabetes Screening,2025-10,74
12,Diabetes Screening,2025-09,67
12,Diabetes Screening,2025-08,66
13,Child Vaccination,2026-01,49
13,Child Vaccination,2025-12,53
13,Child Vaccination,2025-11,64
13,Child Vaccination,2025-10,64
13,Child Vaccination,2025-09,52
13,Child Vaccination,2025-08,62
13,TB Screening,2026-01,45
13,TB Screening,2025-12,46
13,TB Screening,2025-11,52
13,TB Screening,2025-10,64
13,TB Screening,2025-09,54
13,TB Screening,2025-08,44
13,Diabetes Screening,2026-01,68
13,Diabetes Screening,2025-12,70
13,Diabetes Screening,2025-11,70
13,Diabetes Screening,2025-10,59
13,Diabetes Screening,2025-09,62
13,Diabetes Screening,2025-08,68
14,Child Vaccination,2026-01,65
14,Child Vaccination,2025-12,49
14,Child Vaccination,2025-11,59
14,Child Vaccination,2025-10,53
14,Child Vaccination,2025-09,61
14,Child Vaccination,2025-08,57
14,TB Screening,2026-01,71
14,TB Screening,2025-12,63
14,TB Screening,2025-11,55
14,TB Screening,2025-10,68
14,TB Screening,2025-09,70
14,TB Screening,2025-08,52
14,Diabetes Screening,2026-01,50
14,Diabetes Screening,2025-12,35
14,Diabetes Screening,2025-11,46
14,Diabetes Screening,2025-10,45
14,Diabetes Screening,2025-09,45
14,Diabetes Screening,2025-08,35
15,Child Vaccination,2026-01,47
15,Child Vaccination,2025-12,42
15,Child Vaccination,2025-11,39
15,Child Vaccination,2025-10,42
15,Child Vaccination,2025-09,40
15,Child Vaccination,2025-08,33
15,TB Screening,2026-01,53
15,TB Screening,2025-12,63
15,TB Screening,2025-11,66
15,TB Screening,2025-10,58
15,TB Screening,2025-09,58
15,TB Screening,2025-08,53
15,Diabetes Screening,2026-01,46
15,Diabetes Screening,2025-12,46
15,Diabetes Screening,2025-11,50
15,Diabetes Screening,2025-10,46
15,Diabetes Screening,2025-09,34
15,Diabetes Screening,2025-08,47
16,Child Vaccination,2026-01,54
16,Child Vaccination,2025-12,47
16,Child Vaccination,2025-11,59
16,Child Vaccination,2025-10,64
16,Child Vaccination,2025-09,44
16,Child Vaccination,2025-08,47
16,TB Screening,2026-01,55
16,TB Screening,2025-12,43
16,TB Screening,2025-11,59
16,TB Screening,2025-10,59
16,TB Screening,2025-09,42
16,TB Screening,2025-08,44
16,Diabetes Screening,2026-01,74
16,Diabetes Screening,2025-12,74
16,Diabetes Screening,2025-11,75
16,Diabetes Screening,2025-10,64
16,Diabetes Screening,2025-09,71
16,Diabetes Screening,2025-08,72
17,Child Vaccination,2026-01,56
17,Child Vaccination,2025-12,50
17,Child Vaccination,2025-11,46
17,Child Vaccination,2025-10,47
17,Child Vaccination,2025-09,37
17,Child Vaccination,2025-08,43
17,TB Screening,2026-01,71
17,TB Screening,2025-12,67
17,TB Screening,2025-11,74
17,TB Screening,2025-10,76
17,TB Screening,2025-09,76
17,TB Screening,2025-08,72
17,Diabetes Screening,2026-01,63
17,Diabetes Screening,2025-12,66
17,Diabetes Screening,2025-11,55
17,Diabetes Screening,2025-10,55
17,Diabetes Screening,2025-09,59
17,Diabetes Screening,2025-08,52
18,Child Vaccination,2026-01,51
18,Child Vaccination,2025-12,60
18,Child Vaccination,2025-11,49
18,Child Vaccination,2025-10,57
18,Child Vaccination,2025-09,56
18,Child Vaccination,2025-08,51
18,TB Screening,2026-01,55
18,TB Screening,2025-12,53
18,TB Screening,2025-11,57
18,TB Screening,2025-10,67
18,TB Screening,2025-09,56
18,TB Screening,2025-08,65
18,Diabetes Screening,2026-01,41
18,Diabetes Screening,2025-12,52
18,Diabetes Screening,2025-11,39
18,Diabetes Screening,2025-10,39
18,Diabetes Screening,2025-09,36
18,Diabetes Screening,2025-08,45
19,Child Vaccination,2026-01,50
19,Child Vaccination,2025-12,42
19,Child Vaccination,2025-11,46
19,Child Vaccination,2025-10,39
19,Child Vaccination,2025-09,49
19,Child Vaccination,2025-08,37
19,TB Screening,2026-01,79
19,TB Screening,2025-12,77
19,TB Screening,2025-11,62
19,TB Screening,2025-10,73
19,TB Screening,2025-09,73
19,TB Screening,2025-08,77
19,Diabetes Screening,2026-01,76
19,Diabetes Screening,2025-12,64
19,Diabetes Screening,2025-11,75
19,Diabetes Screening,2025-10,60
19,Diabetes Screening,2025-09,76
19,Diabetes Screening,2025-08,61
20,Child Vaccination,2026-01,60
20,Child Vaccination,2025-12,65
20,Child Vaccination,2025-11,62
20,Child Vaccination,2025-10,63
20,Child Vaccination,2025-09,52
20,Child Vaccination,2025-08,65
20,TB Screening,2026-01,39
20,TB Screening,2025-12,38
20,TB Screening,2025-11,47
20,TB Screening,2025-10,54
20,TB Screening,2025-09,54
20,TB Screening,2025-08,45
20,Diabetes Screening,2026-01,58
20,Diabetes Screening,2025-12,59
20,Diabetes Screening,2025-11,65
20,Diabetes Screening,2025-10,53
20,Diabetes Screening,2025-09,54
20,Diabetes Screening,2025-08,58
21,Child Vaccination,2026-01,70
21,Child Vaccination,2025-12,69
21,Child Vaccination,2025-11,74
21,Child Vaccination,2025-10,64
21,Child Vaccination,2025-09,64
21,Child Vaccination,2025-08,73
21,TB Screening,2026-01,65
21,TB Screening,2025-12,58
21,TB Screening,2025-11,66
21,TB Screening,2025-10,59
21,TB Screening,2025-09,66
21,TB Screening,2025-08,69
21,Diabetes Screening,2026-01,42
21,Diabetes Screening,2025-12,42
21,Diabetes Screening,2025-11,55
21,Diabetes Screening,2025-10,45
21,Diabetes Screening,2025-09,47
21,Diabetes Screening,2025-08,40
22,Child Vaccination,2026-01,72
22,Child Vaccination,2025-12,57
22,Child Vaccination,2025-11,68
22,Child Vaccination,2025-10,69
22,Child Vaccination,2025-09,72
22,Child Vaccination,2025-08,62
22,TB Screening,2026-01,55
22,TB Screening,2025-12,63
22,TB Screening,2025-11,69
22,TB Screening,2025-10,67
22,TB Screening,2025-09,70
22,TB Screening,2025-08,70
22,Diabetes Screening,2026-01,73
22,Diabetes Screening,2025-12,77
22,Diabetes Screening,2025-11,69
22,Diabetes Screening,2025-10,73
22,Diabetes Screening,2025-09,60
22,Diabetes Screening,2025-08,76
23,Child Vaccination,2026-01,33
23,Child Vaccination,2025-12,45
23,Child Vaccination,2025-11,37
23,Child Vaccination,2025-10,34
23,Child Vaccination,2025-09,34
23,Child Vaccination,2025-08,39
23,TB Screening,2026-01,43
23,TB Screening,2025-12,47
23,TB Screening,2025-11,46
23,TB Screening,2025-10,42
23,TB Screening,2025-09,39
23,TB Screening,2025-08,47
23,Diabetes Screening,2026-01,53
23,Diabetes Screening,2025-12,37
23,Diabetes Screening,2025-11,47
23,Diabetes Screening,2025-10,50
23,Diabetes Screening,2025-09,39
23,Diabetes Screening,2025-08,55
24,Child Vaccination,2026-01,74
24,Child Vaccination,2025-12,64
24,Child Vaccination,2025-11,77
24,Child Vaccination,2025-10,74
24,Child Vaccination,2025-09,69
24,Child Vaccination,2025-08,64
24,TB Screening,2026-01,55
24,TB Screening,2025-12,47
24,TB Screening,2025-11,58
24,TB Screening,2025-10,58
24,TB Screening,2025-09,59
24,TB Screening,2025-08,56
24,Diabetes Screening,2026-01,77
24,Diabetes Screening,2025-12,61
24,Diabetes Screening,2025-11,60
24,Diabetes Screening,2025-10,68
24,Diabetes Screening,2025-09,66
24,Diabetes Screening,2025-08,79
25,Child Vaccination,2026-01,71
25,Child Vaccination,2025-12,64
25,Child Vaccination,2025-11,77
25,Child Vaccination,2025-10,77
25,Child Vaccination,2025-09,68
25,Child Vaccination,2025-08,75
25,TB Screening,2026-01,66
25,TB Screening,2025-12,53
25,TB Screening,2025-11,53
25,TB Screening,2025-10,56
25,TB Screening,2025-09,61
25,TB Screening,2025-08,52
25,Diabetes Screening,2026-01,53
25,Diabetes Screening,2025-12,56
25,Diabetes Screening,2025-11,56
25,Diabetes Screening,2025-10,67
25,Diabetes Screening,2025-09,54
25,Diabetes Screening,2025-08,63
26,Child Vaccination,2026-01,44
26,Child Vaccination,2025-12,39
26,Child Vaccination,2025-11,48
26,Child Vaccination,2025-10,39
26,Child Vaccination,2025-09,35
26,Child Vaccination,2025-08,36
26,TB Screening,2026-01,56
26,TB Screening,2025-12,48
26,TB Screening,2025-11,58
26,TB Screening,2025-10,62
26,TB Screening,2025-09,52
26,TB Screening,2025-08,49
26,Diabetes Screening,2026-01,44
26,Diabetes Screening,2025-12,53
26,Diabetes Screening,2025-11,35
26,Diabetes Screening,2025-10,54
26,Diabetes Screening,2025-09,53
26,Diabetes Screening,2025-08,43
27,Child Vaccination,2026-01,63
27,Child Vaccination,2025-12,62
27,Child Vaccination,2025-11,56
27,Child Vaccination,2025-10,47
27,Child Vaccination,2025-09,55
27,Child Vaccination,2025-08,61
27,TB Screening,2026-01,42
27,TB Screening,2025-12,53
27,TB Screening,2025-11,39
27,TB Screening,2025-10,53
27,TB Screening,2025-09,42
27,TB Screening,2025-08,50
27,Diabetes Screening,2026-01,64
27,Diabetes Screening,2025-12,59
27,Diabetes Screening,2025-11,49
27,Diabetes Screening,2025-10,58
27,Diabetes Screening,2025-09,54
27,Diabetes Screening,2025-08,53
28,Child Vaccination,2026-01,61
28,Child Vaccination,2025-12,61
28,Child Vaccination,2025-11,62
28,Child Vaccination,2025-10,60
28,Child Vaccination,2025-09,57
28,Child Vaccination,2025-08,70
28,TB Screening,2026-01,61
28,TB Screening,2025-12,63
28,TB Screening,2025-11,66
28,TB Screening,2025-10,46
28,TB Screening,2025-09,49
28,TB Screening,2025-08,57
28,Diabetes Screening,2026-01,51
28,Diabetes Screening,2025-12,64
28,Diabetes Screening,2025-11,63
28,Diabetes Screening,2025-10,63
28,Diabetes Screening,2025-09,51
28,Diabetes Screening,2025-08,45
29,Child Vaccination,2026-01,61
29,Child Vaccination,2025-12,63
29,Child Vaccination,2025-11,54
29,Child Vaccination,2025-10,63
29,Child Vaccination,2025-09,59
29,Child Vaccination,2025-08,68
29,TB Screening,2026-01,62
29,TB Screening,2025-12,53
29,TB Screening,2025-11,69
29,TB Screening,2025-10,64
29,TB Screening,2025-09,69
29,TB Screening,2025-08,69
29,Diabetes Screening,2026-01,59
29,Diabetes Screening,2025-12,45
29,Diabetes Screening,2025-11,53
29,Diabetes Screening,2025-10,64
29,Diabetes Screening,2025-09,50
29,Diabetes Screening,2025-08,54
30,Child Vaccination,2026-01,48
30,Child Vaccination,2025-12,49
30,Child Vaccination,2025-11,51
30,Child Vaccination,2025-10,63
30,Child Vaccination,2025-09,63
30,Child Vaccination,2025-08,46
30,TB Screening,2026-01,52
30,TB Screening,2025-12,56
30,TB Screening,2025-11,70
30,TB Screening,2025-10,56
30,TB Screening,2025-09,63
30,TB Screening,2025-08,53
30,Diabetes Screening,2026-01,53
30,Diabetes Screening,2025-12,49
30,Diabetes Screening,2025-11,56
30,Diabetes Screening,2025-10,38
30,Diabetes Screening,2025-09,40
30,Diabetes Screening,2025-08,36
31,Child Vaccination,2026-01,54
31,Child Vaccination,2025-12,45
31,Child Vaccination,2025-11,46
31,Child Vaccination,2025-10,46
31,Child Vaccination,2025-09,45
31,Child Vaccination,2025-08,49
31,TB Screening,2026-01,63
31,TB Screening,2025-12,72
31,TB Screening,2025-11,57
31,TB Screening,2025-10,73
31,TB Screening,2025-09,62
31,TB Screening,2025-08,63
31,Diabetes Screening,2026-01,55
31,Diabetes Screening,2025-12,57
31,Diabetes Screening,2025-11,63
31,Diabetes Screening,2025-10,55
31,Diabetes Screening,2025-09,56
31,Diabetes Screening,2025-08,53
32,Child Vaccination,2026-01,42
32,Child Vaccination,2025-12,33
32,Child Vaccination,2025-11,47
32,Child Vaccination,2025-10,30
32,Child Vaccination,2025-09,50
32,Child Vaccination,2025-08,49
32,TB Screening,2026-01,50
32,TB Screening,2025-12,33
32,TB Screening,2025-11,34
32,TB Screening,2025-10,43
32,TB Screening,2025-09,48
32,TB Screening,2025-08,35
32,Diabetes Screening,2026-01,48
32,Diabetes Screening,2025-12,58
32,Diabetes Screening,2025-11,41
32,Diabetes Screening,2025-10,48
32,Diabetes Screening,2025-09,53
32,Diabetes Screening,2025-08,51
33,Child Vaccination,2026-01,42
33,Child Vaccination,2025-12,57
33,Child Vaccination,2025-11,47
33,Child Vaccination,2025-10,59
33,Child Vaccination,2025-09,49
33,Child Vaccination,2025-08,46
33,TB Screening,2026-01,65
33,TB Screening,2025-12,70
33,TB Screening,2025-11,62
33,TB Screening,2025-10,73
33,TB Screening,2025-09,57
33,TB Screening,2025-08,62
33,Diabetes Screening,2026-01,71
33,Diabetes Screening,2025-12,62
33,Diabetes Screening,2025-11,51
33,Diabetes Screening,2025-10,68
33,Diabetes Screening,2025-09,68
33,Diabetes Screening,2025-08,55
34,Child Vaccination,2026-01,34
34,Child Vaccination,2025-12,33
34,Child Vaccination,2025-11,51
34,Child Vaccination,2025-10,52
34,Child Vaccination,2025-09,45
34,Child Vaccination,2025-08,50
34,TB Screening,2026-01,49
34,TB Screening,2025-12,56
34,TB Screening,2025-11,53
34,TB Screening,2025-10,58
34,TB Screening,2025-09,53
34,TB Screening,2025-08,60
34,Diabetes Screening,2026-01,78
34,Diabetes Screening,2025-12,74
34,Diabetes Screening,2025-11,62
34,Diabetes Screening,2025-10,63
34,Diabetes Screening,2025-09,63
34,Diabetes Screening,2025-08,65
35,Child Vaccination,2026-01,57
35,Child Vaccination,2025-12,55
35,Child Vaccination,2025-11,52
35,Child Vaccination,2025-10,54
35,Child Vaccination,2025-09,67
35,Child Vaccination,2025-08,50
35,TB Screening,2026-01,74
35,TB Screening,2025-12,71
35,TB Screening,2025-11,77
35,TB Screening,2025-10,74
35,TB Screening,2025-09,59
35,TB Screening,2025-08,66
35,Diabetes Screening,2026-01,53
35,Diabetes Screening,2025-12,59
35,Diabetes Screening,2025-11,54
35,Diabetes Screening,2025-10,57
35,Diabetes Screening,2025-09,69
35,Diabetes Screening,2025-08,66
36,Child Vaccination,2026-01,70
36,Child Vaccination,2025-12,71
36,Child Vaccination,2025-11,64
36,Child Vaccination,2025-10,80
36,Child Vaccination,2025-09,67
36,Child Vaccination,2025-08,63
36,TB Screening,2026-01,58
36,TB Screening,2025-12,41
36,TB Screening,2025-11,45
36,TB Screening,2025-10,49
36,TB Screening,2025-09,54
36,TB Screening,2025-08,53
36,Diabetes Screening,2026-01,59
36,Diabetes Screening,2025-12,49
36,Diabetes Screening,2025-11,58
36,Diabetes Screening,2025-10,44
36,Diabetes Screening,2025-09,58
36,Diabetes Screening,2025-08,58
37,Child Vaccination,2026-01,51
37,Child Vaccination,2025-12,54
37,Child Vaccination,2025-11,46
37,Child Vaccination,2025-10,41
37,Child Vaccination,2025-09,51
37,Child Vaccination,2025-08,48
37,TB Screening,2026-01,62
37,TB Screening,2025-12,75
37,TB Screening,2025-11,68
37,TB Screening,2025-10,63
37,TB Screening,2025-09,66
37,TB Screening,2025-08,59
37,Diabetes Screening,2026-01,61
37,Diabetes Screening,2025-12,66
37,Diabetes Screening,2025-11,65
37,Diabetes Screening,2025-10,65
37,Diabetes Screening,2025-09,62
37,Diabetes Screening,2025-08,60
38,Child Vaccination,2026-01,62
38,Child Vaccination,2025-12,48
38,Child Vaccination,2025-11,50
38,Child Vaccination,2025-10,65
38,Child Vaccination,2025-09,64
38,Child Vaccination,2025-08,47
38,TB Screening,2026-01,64
38,TB Screening,2025-12,60
38,TB Screening,2025-11,73
38,TB Screening,2025-10,62
38,TB Screening,2025-09,64
38,TB Screening,2025-08,76
38,Diabetes Screening,2026-01,34
38,Diabetes Screening,2025-12,32
38,Diabetes Screening,2025-11,48
38,Diabetes Screening,2025-10,52
38,Diabetes Screening,2025-09,32
38,Diabetes Screening,2025-08,50
39,Child Vaccination,2026-01,60
39,Child Vaccination,2025-12,66
39,Child Vaccination,2025-11,54
39,Child Vaccination,2025-10,49
39,Child Vaccination,2025-09,65
39,Child Vaccination,2025-08,56
39,TB Screening,2026-01,64
39,TB Screening,2025-12,62
39,TB Screening,2025-11,67
39,TB Screening,2025-10,51
39,TB Screening,2025-09,58
39,TB Screening,2025-08,59
39,Diabetes Screening,2026-01,55
39,Diabetes Screening,2025-12,46
39,Diabetes Screening,2025-11,41
39,Diabetes Screening,2025-10,51
39,Diabetes Screening,2025-09,53
39,Diabetes Screening,2025-08,53
40,Child Vaccination,2026-01,44
40,Child Vaccination,2025-12,43
40,Child Vaccination,2025-11,48
40,Child Vaccination,2025-10,32
40,Child Vaccination,2025-09,39
40,Child Vaccination,2025-08,51
40,TB Screening,2026-01,56
40,TB Screening,2025-12,67
40,TB Screening,2025-11,55
40,TB Screening,2025-10,65
40,TB Screening,2025-09,56
40,TB Screening,2025-08,56
40,Diabetes Screening,2026-01,66
40,Diabetes Screening,2025-12,52
40,Diabetes Screening,2025-11,63
40,Diabetes Screening,2025-10,59
40,Diabetes Screening,2025-09,49
40,Diabetes Screening,2025-08,55
41,Child Vaccination,2026-01,69
41,Child Vaccination,2025-12,61
41,Child Vaccination,2025-11,56
41,Child Vaccination,2025-10,62
41,Child Vaccination,2025-09,65
41,Child Vaccination,2025-08,61
41,TB Screening,2026-01,37
41,TB Screening,2025-12,47
41,TB Screening,2025-11,42
41,TB Screening,2025-10,43
41,TB Screening,2025-09,46
41,TB Screening,2025-08,45
41,Diabetes Screening,2026-01,59
41,Diabetes Screening,2025-12,59
41,Diabetes Screening,2025-11,78
41,Diabetes Screening,2025-10,68
41,Diabetes Screening,2025-09,61
41,Diabetes Screening,2025-08,74
42,Child Vaccination,2026-01,58
42,Child Vaccination,2025-12,58
42,Child Vaccination,2025-11,68
42,Child Vaccination,2025-10,67
42,Child Vaccination,2025-09,68
42,Child Vaccination,2025-08,55
42,TB Screening,2026-01,62
42,TB Screening,2025-12,54
42,TB Screening,2025-11,53
42,TB Screening,2025-10,60
42,TB Screening,2025-09,62
42,TB Screening,2025-08,44
42,Diabetes Screening,2026-01,54
42,Diabetes Screening,2025-12,58
42,Diabetes Screening,2025-11,53
42,Diabetes Screening,2025-10,62
42,Diabetes Screening,2025-09,58
42,Diabetes Screening,2025-08,57
43,Child Vaccination,2026-01,67
43,Child Vaccination,2025-12,71
43,Child Vaccination,2025-11,71
43,Child Vaccination,2025-10,75
43,Child Vaccination,2025-09,56
43,Child Vaccination,2025-08,72
43,TB Screening,2026-01,62
43,TB Screening,2025-12,72
43,TB Screening,2025-11,63
43,TB Screening,2025-10,65
43,TB Screening,2025-09,60
43,TB Screening,2025-08,74
43,Diabetes Screening,2026-01,58
43,Diabetes Screening,2025-12,56
43,Diabetes Screening,2025-11,54
43,Diabetes Screening,2025-10,55
43,Diabetes Screening,2025-09,55
43,Diabetes Screening,2025-08,61
44,Child Vaccination,2026-01,52
44,Child Vaccination,2025-12,56
44,Child Vaccination,2025-11,62
44,Child Vaccination,2025-10,59
44,Child Vaccination,2025-09,52
44,Child Vaccination,2025-08,64
44,TB Screening,2026-01,66
44,TB Screening,2025-12,66
44,TB Screening,2025-11,57
44,TB Screening,2025-10,69
44,TB Screening,2025-09,56
44,TB Screening,2025-08,71
44,Diabetes Screening,2026-01,69
44,Diabetes Screening,2025-12,56
44,Diabetes Screening,2025-11,63
44,Diabetes Screening,2025-10,57
44,Diabetes Screening,2025-09,60
44,Diabetes Screening,2025-08,74
45,Child Vaccination,2026-01,53
45,Child Vaccination,2025-12,52
45,Child Vaccination,2025-11,68
45,Child Vaccination,2025-10,64
45,Child Vaccination,2025-09,49
45,Child Vaccination,2025-08,66
45,TB Screening,2026-01,35
45,TB Screening,2025-12,39
45,TB Screening,2025-11,42
45,TB Screening,2025-10,39
45,TB Screening,2025-09,50
45,TB Screening,2025-08,46
45,Diabetes Screening,2026-01,67
45,Diabetes Screening,2025-12,69
45,Diabetes Screening,2025-11,49
45,Diabetes Screening,2025-10,58
45,Diabetes Screening,2025-09,51
45,Diabetes Screening,2025-08,55
46,Child Vaccination,2026-01,63
46,Child Vaccination,2025-12,59
46,Child Vaccination,2025-11,59
46,Child Vaccination,2025-10,49
46,Child Vaccination,2025-09,51
46,Child Vaccination,2025-08,57
46,TB Screening,2026-01,53
46,TB Screening,2025-12,67
46,TB Screening,2025-11,54
46,TB Screening,2025-10,68
46,TB Screening,2025-09,65
46,TB Screening,2025-08,57
46,Diabetes Screening,2026-01,45
46,Diabetes Screening,2025-12,49
46,Diabetes Screening,2025-11,54
46,Diabetes Screening,2025-10,53
46,Diabetes Screening,2025-09,37
46,Diabetes Screening,2025-08,42
47,Child Vaccination,2026-01,54
47,Child Vaccination,2025-12,46
47,Child Vaccination,2025-11,45
47,Child Vaccination,2025-10,42
47,Child Vaccination,2025-09,48
47,Child Vaccination,2025-08,58
47,TB Screening,2026-01,73
47,TB Screening,2025-12,70
47,TB Screening,2025-11,61
47,TB Screening,2025-10,76
47,TB Screening,2025-09,60
47,TB Screening,2025-08,62
47,Diabetes Screening,2026-01,64
47,Diabetes Screening,2025-12,64
47,Diabetes Screening,2025-11,46
47,Diabetes Screening,2025-10,62
47,Diabetes Screening,2025-09,61
47,Diabetes Screening,2025-08,48
48,Child Vaccination,2026-01,47
48,Child Vaccination,2025-12,36
48,Child Vaccination,2025-11,51
48,Child Vaccination,2025-10,49
48,Child Vaccination,2025-09,32
48,Child Vaccination,2025-08,52
48,TB Screening,2026-01,59
48,TB Screening,2025-12,56
48,TB Screening,2025-11,54
48,TB Screening,2025-10,44
48,TB Screening,2025-09,59
48,TB Screening,2025-08,56
48,Diabetes Screening,2026-01,52
48,Diabetes Screening,2025-12,49
48,Diabetes Screening,2025-11,48
48,Diabetes Screening,2025-10,55
48,Diabetes Screening,2025-09,55
48,Diabetes Screening,2025-08,40
49,Child Vaccination,2026-01,47
49,Child Vaccination,2025-12,51
49,Child Vaccination,2025-11,58
49,Child Vaccination,2025-10,50
49,Child Vaccination,2025-09,45
49,Child Vaccination,2025-08,52
49,TB Screening,2026-01,66
49,TB Screening,2025-12,62
49,TB Screening,2025-11,57
49,TB Screening,2025-10,55
49,TB Screening,2025-09,49
49,TB Screening,2025-08,49
49,Diabetes Screening,2026-01,64
49,Diabetes Screening,2025-12,51
49,Diabetes Screening,2025-11,64
49,Diabetes Screening,2025-10,48
49,Diabetes Screening,2025-09,60
49,Diabetes Screening,2025-08,68
50,Child Vaccination,2026-01,46
50,Child Vaccination,2025-12,49
50,Child Vaccination,2025-11,47
50,Child Vaccination,2025-10,39
50,Child Vaccination,2025-09,40
50,Child Vaccination,2025-08,49
50,TB Screening,2026-01,68
50,TB Screening,2025-12,58
50,TB Screening,2025-11,58
50,TB Screening,2025-10,67
50,TB Screening,2025-09,63
50,TB Screening,2025-08,68
50,Diabetes Screening,2026-01,60
50,Diabetes Screening,2025-12,49
50,Diabetes Screening,2025-11,53
50,Diabetes Screening,2025-10,47
50,Diabetes Screening,2025-09,54
50,Diabetes Screening,2025-08,58
51,Child Vaccination,2026-01,72
51,Child Vaccination,2025-12,70
51,Child Vaccination,2025-11,60
51,Child Vaccination,2025-10,66
51,Child Vaccination,2025-09,72
51,Child Vaccination,2025-08,72
51,TB Screening,2026-01,53
51,TB Screening,2025-12,54
51,TB Screening,2025-11,63
51,TB Screening,2025-10,56
51,TB Screening,2025-09,57
51,TB Screening,2025-08,49
51,Diabetes Screening,2026-01,60
51,Diabetes Screening,2025-12,64
51,Diabetes Screening,2025-11,71
51,Diabetes Screening,2025-10,62
51,Diabetes Screening,2025-09,60
51,Diabetes Screening,2025-08,63
52,Child Vaccination,2026-01,58
52,Child Vaccination,2025-12,56
52,Child Vaccination,2025-11,63
52,Child Vaccination,2025-10,65
52,Child Vaccination,2025-09,47
52,Child Vaccination,2025-08,51
52,TB Screening,2026-01,62
52,TB Screening,2025-12,42
52,TB Screening,2025-11,44
52,TB Screening,2025-10,46
52,TB Screening,2025-09,57
52,TB Screening,2025-08,61
52,Diabetes Screening,2026-01,45
52,Diabetes Screening,2025-12,45
52,Diabetes Screening,2025-11,51
52,Diabetes Screening,2025-10,50
52,Diabetes Screening,2025-09,54
52,Diabetes Screening,2025-08,45
53,Child Vaccination,2026-01,50
53,Child Vaccination,2025-12,61
53,Child Vaccination,2025-11,61
53,Child Vaccination,2025-10,68
53,Child Vaccination,2025-09,69
53,Child Vaccination,2025-08,65
53,TB Screening,2026-01,58
53,TB Screening,2025-12,40
53,TB Screening,2025-11,44
53,TB Screening,2025-10,59
53,TB Screening,2025-09,54
53,TB Screening,2025-08,53
53,Diabetes Screening,2026-01,36
53,Diabetes Screening,2025-12,46
53,Diabetes Screening,2025-11,39
53,Diabetes Screening,2025-10,36
53,Diabetes Screening,2025-09,31
53,Diabetes Screening,2025-08,49
54,Child Vaccination,2026-01,62
54,Child Vaccination,2025-12,53
54,Child Vaccination,2025-11,65
54,Child Vaccination,2025-10,51
54,Child Vaccination,2025-09,47
54,Child Vaccination,2025-08,57
54,TB Screening,2026-01,57
54,TB Screening,2025-12,37
54,TB Screening,2025-11,42
54,TB Screening,2025-10,39
54,TB Screening,2025-09,45
54,TB Screening,2025-08,49
54,Diabetes Screening,2026-01,53
54,Diabetes Screening,2025-12,53
54,Diabetes Screening,2025-11,59
54,Diabetes Screening,2025-10,47
54,Diabetes Screening,2025-09,57
54,Diabetes Screening,2025-08,41
55,Child Vaccination,2026-01,55
55,Child Vaccination,2025-12,55
55,Child Vaccination,2025-11,70
55,Child Vaccination,2025-10,62
55,Child Vaccination,2025-09,70
55,Child Vaccination,2025-08,71
55,TB Screening,2026-01,52
55,TB Screening,2025-12,49
55,TB Screening,2025-11,48
55,TB Screening,2025-10,60
55,TB Screening,2025-09,47
55,TB Screening,2025-08,55
55,Diabetes Screening,2026-01,71
55,Diabetes Screening,2025-12,77
55,Diabetes Screening,2025-11,59
55,Diabetes Screening,2025-10,67
55,Diabetes Screening,2025-09,64
55,Diabetes Screening,2025-08,72
56,Child Vaccination,2026-01,49
56,Child Vaccination,2025-12,63
56,Child Vaccination,2025-11,48
56,Child Vaccination,2025-10,62
56,Child Vaccination,2025-09,55
56,Child Vaccination,2025-08,56
56,TB Screening,2026-01,63
56,TB Screening,2025-12,76
56,TB Screening,2025-11,68
56,TB Screening,2025-10,77
56,TB Screening,2025-09,78
56,TB Screening,2025-08,68
56,Diabetes Screening,2026-01,66
56,Diabetes Screening,2025-12,64
56,Diabetes Screening,2025-11,70
56,Diabetes Screening,2025-10,67
56,Diabetes Screening,2025-09,59
56,Diabetes Screening,2025-08,62
57,Child Vaccination,2026-01,74
57,Child Vaccination,2025-12,74
57,Child Vaccination,2025-11,78
57,Child Vaccination,2025-10,60
57,Child Vaccination,2025-09,75
57,Child Vaccination,2025-08,63
57,TB Screening,2026-01,40
57,TB Screening,2025-12,50
57,TB Screening,2025-11,58
57,TB Screening,2025-10,45
57,TB Screening,2025-09,45
57,TB Screening,2025-08,48
57,Diabetes Screening,2026-01,54
57,Diabetes Screening,2025-12,59
57,Diabetes Screening,2025-11,60
57,Diabetes Screening,2025-10,43
57,Diabetes Screening,2025-09,51
57,Diabetes Screening,2025-08,50
58,Child Vaccination,2026-01,41
58,Child Vaccination,2025-12,51
58,Child Vaccination,2025-11,49
58,Child Vaccination,2025-10,41
58,Child Vaccination,2025-09,56
58,Child Vaccination,2025-08,44
58,TB Screening,2026-01,55
58,TB Screening,2025-12,56
58,TB Screening,2025-11,51
58,TB Screening,2025-10,63
58,TB Screening,2025-09,53
58,TB Screening,2025-08,50
58,Diabetes Screening,2026-01,66
58,Diabetes Screening,2025-12,75
58,Diabetes Screening,2025-11,66
58,Diabetes Screening,2025-10,67
58,Diabetes Screening,2025-09,67
58,Diabetes Screening,2025-08,68
59,Child Vaccination,2026-01,43
59,Child Vaccination,2025-12,42
59,Child Vaccination,2025-11,43
59,Child Vaccination,2025-10,55
59,Child Vaccination,2025-09,47
59,Child Vaccination,2025-08,40
59,TB Screening,2026-01,57
59,TB Screening,2025-12,57
59,TB Screening,2025-11,56
59,TB Screening,2025-10,69
59,TB Screening,2025-09,73
59,TB Screening,2025-08,54
59,Diabetes Screening,2026-01,71
59,Diabetes Screening,2025-12,55
59,Diabetes Screening,2025-11,69
59,Diabetes Screening,2025-10,65
59,Diabetes Screening,2025-09,73
59,Diabetes Screening,2025-08,64
60,Child Vaccination,2026-01,63
60,Child Vaccination,2025-12,53
60,Child Vaccination,2025-11,60
60,Child Vaccination,2025-10,50
60,Child Vaccination,2025-09,61
60,Child Vaccination,2025-08,53
60,TB Screening,2026-01,49
60,TB Screening,2025-12,60
60,TB Screening,2025-11,46
60,TB Screening,2025-10,43
60,TB Screening,2025-09,58
60,TB Screening,2025-08,55
60,Diabetes Screening,2026-01,62
60,Diabetes Screening,2025-12,46
60,Diabetes Screening,2025-11,61
60,Diabetes Screening,2025-10,56
60,Diabetes Screening,2025-09,57
60,Diabetes Screening,2025-08,50
61,Child Vaccination,2026-01,47
61,Child Vaccination,2025-12,60
61,Child Vaccination,2025-11,58
61,Child Vaccination,2025-10,54
61,Child Vaccination,2025-09,44
61,Child Vaccination,2025-08,44
61,TB Screening,2026-01,57
61,TB Screening,2025-12,63
61,TB Screening,2025-11,69
61,TB Screening,2025-10,54
61,TB Screening,2025-09,61
61,TB Screening,2025-08,62
61,Diabetes Screening,2026-01,57
61,Diabetes Screening,2025-12,54
61,Diabetes Screening,2025-11,66
61,Diabetes Screening,2025-10,57
61,Diabetes Screening,2025-09,56
61,Diabetes Screening,2025-08,57
62,Child Vaccination,2026-01,64
62,Child Vaccination,2025-12,55
62,Child Vaccination,2025-11,56
62,Child Vaccination,2025-10,50
62,Child Vaccination,2025-09,60
62,Child Vaccination,2025-08,58
62,TB Screening,2026-01,49
62,TB Screening,2025-12,47
62,TB Screening,2025-11,47
62,TB Screening,2025-10,48
62,TB Screening,2025-09,44
62,TB Screening,2025-08,50
62,Diabetes Screening,2026-01,53
62,Diabetes Screening,2025-12,39
62,Diabetes Screening,2025-11,53
62,Diabetes Screening,2025-10,42
62,Diabetes Screening,2025-09,38
62,Diabetes Screening,2025-08,43
63,Child Vaccination,2026-01,62
63,Child Vaccination,2025-12,72
63,Child Vaccination,2025-11,68
63,Child Vaccination,2025-10,67
63,Child Vaccination,2025-09,61
63,Child Vaccination,2025-08,59
63,TB Screening,2026-01,59
63,TB Screening,2025-12,70
63,TB Screening,2025-11,55
63,TB Screening,2025-10,60
63,TB Screening,2025-09,68
63,TB Screening,2025-08,70
63,Diabetes Screening,2026-01,54
63,Diabetes Screening,2025-12,50
63,Diabetes Screening,2025-11,51
63,Diabetes Screening,2025-10,44
63,Diabetes Screening,2025-09,49
63,Diabetes Screening,2025-08,43
64,Child Vaccination,2026-01,55
64,Child Vaccination,2025-12,56
64,Child Vaccination,2025-11,39
64,Child Vaccination,2025-10,50
64,Child Vaccination,2025-09,41
64,Child Vaccination,2025-08,43
64,TB Screening,2026-01,37
64,TB Screening,2025-12,39
64,TB Screening,2025-11,46
64,TB Screening,2025-10,51
64,TB Screening,2025-09,34
64,TB Screening,2025-08,45
64,Diabetes Screening,2026-01,63
64,Diabetes Screening,2025-12,61
64,Diabetes Screening,2025-11,64
64,Diabetes Screening,2025-10,64
64,Diabetes Screening,2025-09,70
64,Diabetes Screening,2025-08,70
65,Child Vaccination,2026-01,67
65,Child Vaccination,2025-12,70
65,Child Vaccination,2025-11,59
65,Child Vaccination,2025-10,72
65,Child Vaccination,2025-09,62
65,Child Vaccination,2025-08,70
65,TB Screening,2026-01,76
65,TB Screening,2025-12,63
65,TB Screening,2025-11,75
65,TB Screening,2025-10,75
65,TB Screening,2025-09,77
65,TB Screening,2025-08,77
65,Diabetes Screening,2026-01,52
65,Diabetes Screening,2025-12,56
65,Diabetes Screening,2025-11,58
65,Diabetes Screening,2025-10,57
65,Diabetes Screening,2025-09,63
65,Diabetes Screening,2025-08,62
66,Child Vaccination,2026-01,68
66,Child Vaccination,2025-12,56
66,Child Vaccination,2025-11,66
66,Child Vaccination,2025-10,73
66,Child Vaccination,2025-09,63
66,Child Vaccination,2025-08,68
66,TB Screening,2026-01,54
66,TB Screening,2025-12,55
66,TB Screening,2025-11,70
66,TB Screening,2025-10,60
66,TB Screening,2025-09,63
66,TB Screening,2025-08,70
66,Diabetes Screening,2026-01,67
66,Diabetes Screening,2025-12,61
66,Diabetes Screening,2025-11,51
66,Diabetes Screening,2025-10,51
66,Diabetes Screening,2025-09,54
66,Diabetes Screening,2025-08,59
67,Child Vaccination,2026-01,47
67,Child Vaccination,2025-12,47
67,Child Vaccination,2025-11,57
67,Child Vaccination,2025-10,46
67,Child Vaccination,2025-09,45
67,Child Vaccination,2025-08,56
67,TB Screening,2026-01,62
67,TB Screening,2025-12,58
67,TB Screening,2025-11,64
67,TB Screening,2025-10,61
67,TB Screening,2025-09,68
67,TB Screening,2025-08,66
67,Diabetes Screening,2026-01,74
67,Diabetes Screening,2025-12,73
67,Diabetes Screening,2025-11,65
67,Diabetes Screening,2025-10,65
67,Diabetes Screening,2025-09,60
67,Diabetes Screening,2025-08,64
68,Child Vaccination,2026-01,60
68,Child Vaccination,2025-12,61
68,Child Vaccination,2025-11,55
68,Child Vaccination,2025-10,59
68,Child Vaccination,2025-09,58
68,Child Vaccination,2025-08,65
68,TB Screening,2026-01,36
68,TB Screening,2025-12,35
68,TB Screening,2025-11,48
68,TB Screening,2025-10,50
68,TB Screening,2025-09,34
68,TB Screening,2025-08,33
68,Diabetes Screening,2026-01,66
68,Diabetes Screening,2025-12,70
68,Diabetes Screening,2025-11,56
68,Diabetes Screening,2025-10,57
68,Diabetes Screening,2025-09,62
68,Diabetes Screening,2025-08,73
69,Child Vaccination,2026-01,36
69,Child Vaccination,2025-12,54
69,Child Vaccination,2025-11,46
69,Child Vaccination,2025-10,43
69,Child Vaccination,2025-09,41
69,Child Vaccination,2025-08,41
69,TB Screening,2026-01,62
69,TB Screening,2025-12,67
69,TB Screening,2025-11,73
69,TB Screening,2025-10,57
69,TB Screening,2025-09,57
69,TB Screening,2025-08,69
69,Diabetes Screening,2026-01,61
69,Diabetes Screening,2025-12,56
69,Diabetes Screening,2025-11,57
69,Diabetes Screening,2025-10,67
69,Diabetes Screening,2025-09,66
69,Diabetes Screening,2025-08,71
70,Child Vaccination,2026-01,61
70,Child Vaccination,2025-12,52
70,Child Vaccination,2025-11,61
70,Child Vaccination,2025-10,58
70,Child Vaccination,2025-09,48
70,Child Vaccination,2025-08,61
70,TB Screening,2026-01,53
70,TB Screening,2025-12,54
70,TB Screening,2025-11,49
70,TB Screening,2025-10,55
70,TB Screening,2025-09,55
70,TB Screening,2025-08,53
70,Diabetes Screening,2026-01,59
70,Diabetes Screening,2025-12,63
70,Diabetes Screening,2025-11,63
70,Diabetes Screening,2025-10,60
70,Diabetes Screening,2025-09,52
70,Diabetes Screening,2025-08,54
71,Child Vaccination,2026-01,62
71,Child Vaccination,2025-12,52
71,Child Vaccination,2025-11,47
71,Child Vaccination,2025-10,59
71,Child Vaccination,2025-09,54
71,Child Vaccination,2025-08,56
71,TB Screening,2026-01,51
71,TB Screening,2025-12,47
71,TB Screening,2025-11,52
71,TB Screening,2025-10,43
71,TB Screening,2025-09,43
71,TB Screening,2025-08,59
71,Diabetes Screening,2026-01,60
71,Diabetes Screening,2025-12,67
71,Diabetes Screening,2025-11,65
71,Diabetes Screening,2025-10,71
71,Diabetes Screening,2025-09,73
71,Diabetes Screening,2025-08,56
72,Child Vaccination,2026-01,67
72,Child Vaccination,2025-12,67
72,Child Vaccination,2025-11,61
72,Child Vaccination,2025-10,52
72,Child Vaccination,2025-09,65
72,Child Vaccination,2025-08,61
72,TB Screening,2026-01,56
72,TB Screening,2025-12,49
72,TB Screening,2025-11,66
72,TB Screening,2025-10,60
72,TB Screening,2025-09,55
72,TB Screening,2025-08,62
72,Diabetes Screening,2026-01,75
72,Diabetes Screening,2025-12,71
72,Diabetes Screening,2025-11,70
72,Diabetes Screening,2025-10,65
72,Diabetes Screening,2025-09,63
72,Diabetes Screening,2025-08,78
73,Child Vaccination,2026-01,54
73,Child Vaccination,2025-12,49
73,Child Vaccination,2025-11,50
73,Child Vaccination,2025-10,44
73,Child Vaccination,2025-09,55
73,Child Vaccination,2025-08,62
73,TB Screening,2026-01,53
73,TB Screening,2025-12,56
73,TB Screening,2025-11,45
73,TB Screening,2025-10,46
73,TB Screening,2025-09,57
73,TB Screening,2025-08,54
73,Diabetes Screening,2026-01,63
73,Diabetes Screening,2025-12,68
73,Diabetes Screening,2025-11,61
73,Diabetes Screening,2025-10,57
73,Diabetes Screening,2025-09,60
73,Diabetes Screening,2025-08,59
74,Child Vaccination,2026-01,42
74,Child Vaccination,2025-12,59
74,Child Vaccination,2025-11,53
74,Child Vaccination,2025-10,58
74,Child Vaccination,2025-09,53
74,Child Vaccination,2025-08,47
74,TB Screening,2026-01,71
74,TB Screening,2025-12,67
74,TB Screening,2025-11,58
74,TB Screening,2025-10,62
74,TB Screening,2025-09,52
74,TB Screening,2025-08,56
74,Diabetes Screening,2026-01,48
74,Diabetes Screening,2025-12,31
74,Diabetes Screening,2025-11,36
74,Diabetes Screening,2025-10,34
74,Diabetes Screening,2025-09,40
74,Diabetes Screening,2025-08,39
75,Child Vaccination,2026-01,48
75,Child Vaccination,2025-12,34
75,Child Vaccination,2025-11,41
75,Child Vaccination,2025-10,36
75,Child Vaccination,2025-09,38
75,Child Vaccination,2025-08,34
75,TB Screening,2026-01,51
75,TB Screening,2025-12,55
75,TB Screening,2025-11,58
75,TB Screening,2025-10,54
75,TB Screening,2025-09,60
75,TB Screening,2025-08,56
75,Diabetes Screening,2026-01,45
75,Diabetes Screening,2025-12,54
75,Diabetes Screening,2025-11,46
75,Diabetes Screening,2025-10,48
75,Diabetes Screening,2025-09,45
75,Diabetes Screening,2025-08,52
76,Child Vaccination,2026-01,66
76,Child Vaccination,2025-12,56
76,Child Vaccination,2025-11,71
76,Child Vaccination,2025-10,69
76,Child Vaccination,2025-09,59
76,Child Vaccination,2025-08,60
76,TB Screening,2026-01,66
76,TB Screening,2025-12,70
76,TB Screening,2025-11,58
76,TB Screening,2025-10,61
76,TB Screening,2025-09,65
76,TB Screening,2025-08,70
76,Diabetes Screening,2026-01,68
76,Diabetes Screening,2025-12,61
76,Diabetes Screening,2025-11,55
76,Diabetes Screening,2025-10,60
76,Diabetes Screening,2025-09,68
76,Diabetes Screening,2025-08,57
77,Child Vaccination,2026-01,52
77,Child Vaccination,2025-12,61
77,Child Vaccination,2025-11,58
77,Child Vaccination,2025-10,55
77,Child Vaccination,2025-09,56
77,Child Vaccination,2025-08,51
77,TB Screening,2026-01,51
77,TB Screening,2025-12,67
77,TB Screening,2025-11,66
77,TB Screening,2025-10,53
77,TB Screening,2025-09,58
77,TB Screening,2025-08,65
77,Diabetes Screening,2026-01,59
77,Diabetes Screening,2025-12,56
77,Diabetes Screening,2025-11,61
77,Diabetes Screening,2025-10,51
77,Diabetes Screening,2025-09,56
77,Diabetes Screening,2025-08,53
78,Child Vaccination,2026-01,57
78,Child Vaccination,2025-12,50
78,Child Vaccination,2025-11,47
78,Child Vaccination,2025-10,37
78,Child Vaccination,2025-09,42
78,Child Vaccination,2025-08,45
78,TB Screening,2026-01,51
78,TB Screening,2025-12,60
78,TB Screening,2025-11,55
78,TB Screening,2025-10,48
78,TB Screening,2025-09,49
78,TB Screening,2025-08,66
78,Diabetes Screening,2026-01,70
78,Diabetes Screening,2025-12,74
78,Diabetes Screening,2025-11,59
78,Diabetes Screening,2025-10,66
78,Diabetes Screening,2025-09,57
78,Diabetes Screening,2025-08,62
79,Child Vaccination,2026-01,50
79,Child Vaccination,2025-12,37
79,Child Vaccination,2025-11,54
79,Child Vaccination,2025-10,45
79,Child Vaccination,2025-09,55
79,Child Vaccination,2025-08,36
79,TB Screening,2026-01,42
79,TB Screening,2025-12,51
79,TB Screening,2025-11,35
79,TB Screening,2025-10,48
79,TB Screening,2025-09,34
79,TB Screening,2025-08,35
79,Diabetes Screening,2026-01,52
79,Diabetes Screening,2025-12,55
79,Diabetes Screening,2025-11,62
79,Diabetes Screening,2025-10,65
79,Diabetes Screening,2025-09,56
79,Diabetes Screening,2025-08,59
80,Child Vaccination,2026-01,59
80,Child Vaccination,2025-12,53
80,Child Vaccination,2025-11,65
80,Child Vaccination,2025-10,64
80,Child Vaccination,2025-09,57
80,Child Vaccination,2025-08,61
80,TB Screening,2026-01,59
80,TB Screening,2025-12,73
80,TB Screening,2025-11,72
80,TB Screening,2025-10,75
80,TB Screening,2025-09,67
80,TB Screening,2025-08,75
80,Diabetes Screening,2026-01,67
80,Diabetes Screening,2025-12,58
80,Diabetes Screening,2025-11,70
80,Diabetes Screening,2025-10,57
80,Diabetes Screening,2025-09,69
80,Diabetes Screening,2025-08,63
81,Child Vaccination,2026-01,54
81,Child Vaccination,2025-12,48
81,Child Vaccination,2025-11,59
81,Child Vaccination,2025-10,57
81,Child Vaccination,2025-09,45
81,Child Vaccination,2025-08,42
81,TB Screening,2026-01,50
81,TB Screening,2025-12,60
81,TB Screening,2025-11,55
81,TB Screening,2025-10,54
81,TB Screening,2025-09,63
81,TB Screening,2025-08,57
81,Diabetes Screening,2026-01,44
81,Diabetes Screening,2025-12,64
81,Diabetes Screening,2025-11,60
81,Diabetes Screening,2025-10,56
81,Diabetes Screening,2025-09,49
81,Diabetes Screening,2025-08,44
82,Child Vaccination,2026-01,60
82,Child Vaccination,2025-12,68
82,Child Vaccination,2025-11,56
82,Child Vaccination,2025-10,59
82,Child Vaccination,2025-09,51
82,Child Vaccination,2025-08,66
82,TB Screening,2026-01,68
82,TB Screening,2025-12,62
82,TB Screening,2025-11,72
82,TB Screening,2025-10,71
82,TB Screening,2025-09,73
82,TB Screening,2025-08,60
82,Diabetes Screening,2026-01,58
82,Diabetes Screening,2025-12,59
82,Diabetes Screening,2025-11,62
82,Diabetes Screening,2025-10,69
82,Diabetes Screening,2025-09,59
82,Diabetes Screening,2025-08,52
83,Child Vaccination,2026-01,49
83,Child Vaccination,2025-12,35
83,Child Vaccination,2025-11,34
83,Child Vaccination,2025-10,37
83,Child Vaccination,2025-09,38
83,Child Vaccination,2025-08,34
83,TB Screening,2026-01,39
83,TB Screening,2025-12,51
83,TB Screening,2025-11,42
83,TB Screening,2025-10,39
83,TB Screening,2025-09,37
83,TB Screening,2025-08,54
83,Diabetes Screening,2026-01,62
83,Diabetes Screening,2025-12,65
83,Diabetes Screening,2025-11,66
83,Diabetes Screening,2025-10,69
83,Diabetes Screening,2025-09,68
83,Diabetes Screening,2025-08,58
84,Child Vaccination,2026-01,42
84,Child Vaccination,2025-12,38
84,Child Vaccination,2025-11,50
84,Child Vaccination,2025-10,33
84,Child Vaccination,2025-09,31
84,Child Vaccination,2025-08,37
84,TB Screening,2026-01,65
84,TB Screening,2025-12,52
84,TB Screening,2025-11,64
84,TB Screening,2025-10,70
84,TB Screening,2025-09,51
84,TB Screening,2025-08,61
84,Diabetes Screening,2026-01,60
84,Diabetes Screening,2025-12,58
84,Diabetes Screening,2025-11,48
84,Diabetes Screening,2025-10,66
84,Diabetes Screening,2025-09,55
84,Diabetes Screening,2025-08,63
85,Child Vaccination,2026-01,33
85,Child Vaccination,2025-12,40
85,Child Vaccination,2025-11,33
85,Child Vaccination,2025-10,37
85,Child Vaccination,2025-09,47
85,Child Vaccination,2025-08,34
85,TB Screening,2026-01,40
85,TB Screening,2025-12,50
85,TB Screening,2025-11,45
85,TB Screening,2025-10,39
85,TB Screening,2025-09,39
85,TB Screening,2025-08,49
85,Diabetes Screening,2026-01,58
85,Diabetes Screening,2025-12,69
85,Diabetes Screening,2025-11,71
85,Diabetes Screening,2025-10,56
85,Diabetes Screening,2025-09,68
85,Diabetes Screening,2025-08,68
86,Child Vaccination,2026-01,46
86,Child Vaccination,2025-12,63
86,Child Vaccination,2025-11,61
86,Child Vaccination,2025-10,54
86,Child Vaccination,2025-09,57
86,Child Vaccination,2025-08,56
86,TB Screening,2026-01,61
86,TB Screening,2025-12,63
86,TB Screening,2025-11,63
86,TB Screening,2025-10,75
86,TB Screening,2025-09,70
86,TB Screening,2025-08,74
86,Diabetes Screening,2026-01,45
86,Diabetes Screening,2025-12,57
86,Diabetes Screening,2025-11,59
86,Diabetes Screening,2025-10,54
86,Diabetes Screening,2025-09,51
86,Diabetes Screening,2025-08,50
87,Child Vaccination,2026-01,57
87,Child Vaccination,2025-12,58
87,Child Vaccination,2025-11,60
87,Child Vaccination,2025-10,67
87,Child Vaccination,2025-09,60
87,Child Vaccination,2025-08,57
87,TB Screening,2026-01,56
87,TB Screening,2025-12,67
87,TB Screening,2025-11,66
87,TB Screening,2025-10,55
87,TB Screening,2025-09,61
87,TB Screening,2025-08,66
87,Diabetes Screening,2026-01,67
87,Diabetes Screening,2025-12,70
87,Diabetes Screening,2025-11,73
87,Diabetes Screening,2025-10,73
87,Diabetes Screening,2025-09,71
87,Diabetes Screening,2025-08,59
88,Child Vaccination,2026-01,54
88,Child Vaccination,2025-12,62
88,Child Vaccination,2025-11,72
88,Child Vaccination,2025-10,53
88,Child Vaccination,2025-09,69
88,Child Vaccination,2025-08,57
88,TB Screening,2026-01,67
88,TB Screening,2025-12,58
88,TB Screening,2025-11,67
88,TB Screening,2025-10,65
88,TB Screening,2025-09,64
88,TB Screening,2025-08,68
88,Diabetes Screening,2026-01,38
88,Diabetes Screening,2025-12,47
88,Diabetes Screening,2025-11,46
88,Diabetes Screening,2025-10,47
88,Diabetes Screening,2025-09,48
88,Diabetes Screening,2025-08,48
89,Child Vaccination,2026-01,37
89,Child Vaccination,2025-12,35
89,Child Vaccination,2025-11,48
89,Child Vaccination,2025-10,45
89,Child Vaccination,2025-09,38
89,Child Vaccination,2025-08,38
89,TB Screening,2026-01,49
89,TB Screening,2025-12,56
89,TB Screening,2025-11,45
89,TB Screening,2025-10,45
89,TB Screening,2025-09,46
89,TB Screening,2025-08,47
89,Diabetes Screening,2026-01,50
89,Diabetes Screening,2025-12,44
89,Diabetes Screening,2025-11,50
89,Diabetes Screening,2025-10,38
89,Diabetes Screening,2025-09,34
89,Diabetes Screening,2025-08,42
90,Child Vaccination,2026-01,70
90,Child Vaccination,2025-12,60
90,Child Vaccination,2025-11,70
90,Child Vaccination,2025-10,73
90,Child Vaccination,2025-09,58
90,Child Vaccination,2025-08,74
90,TB Screening,2026-01,59
90,TB Screening,2025-12,51
90,TB Screening,2025-11,68
90,TB Screening,2025-10,62
90,TB Screening,2025-09,52
90,TB Screening,2025-08,51
90,Diabetes Screening,2026-01,69
90,Diabetes Screening,2025-12,70
90,Diabetes Screening,2025-11,72
90,Diabetes Screening,2025-10,72
90,Diabetes Screening,2025-09,62
90,Diabetes Screening,2025-08,66
91,Child Vaccination,2026-01,73
91,Child Vaccination,2025-12,72
91,Child Vaccination,2025-11,53
91,Child Vaccination,2025-10,73
91,Child Vaccination,2025-09,73
91,Child Vaccination,2025-08,65
91,TB Screening,2026-01,40
91,TB Screening,2025-12,47
91,TB Screening,2025-11,32
91,TB Screening,2025-10,41
91,TB Screening,2025-09,48
91,TB Screening,2025-08,49
91,Diabetes Screening,2026-01,44
91,Diabetes Screening,2025-12,50
91,Diabetes Screening,2025-11,41
91,Diabetes Screening,2025-10,38
91,Diabetes Screening,2025-09,35
91,Diabetes Screening,2025-08,46
92,Child Vaccination,2026-01,63
92,Child Vaccination,2025-12,62
92,Child Vaccination,2025-11,60
92,Child Vaccination,2025-10,46
92,Child Vaccination,2025-09,51
92,Child Vaccination,2025-08,57
92,TB Screening,2026-01,51
92,TB Screening,2025-12,43
92,TB Screening,2025-11,43
92,TB Screening,2025-10,49
92,TB Screening,2025-09,41
92,TB Screening,2025-08,54
92,Diabetes Screening,2026-01,49
92,Diabetes Screening,2025-12,65
92,Diabetes Screening,2025-11,60
92,Diabetes Screening,2025-10,56
92,Diabetes Screening,2025-09,50
92,Diabetes Screening,2025-08,60
93,Child Vaccination,2026-01,59
93,Child Vaccination,2025-12,50
93,Child Vaccination,2025-11,50
93,Child Vaccination,2025-10,61
93,Child Vaccination,2025-09,63
93,Child Vaccination,2025-08,52
93,TB Screening,2026-01,57
93,TB Screening,2025-12,65
93,TB Screening,2025-11,63
93,TB Screening,2025-10,51
93,TB Screening,2025-09,62
93,TB Screening,2025-08,64
93,Diabetes Screening,2026-01,69
93,Diabetes Screening,2025-12,60
93,Diabetes Screening,2025-11,60
93,Diabetes Screening,2025-10,55
93,Diabetes Screening,2025-09,61
93,Diabetes Screening,2025-08,66
94,Child Vaccination,2026-01,58
94,Child Vaccination,2025-12,42
94,Child Vaccination,2025-11,43
94,Child Vaccination,2025-10,53
94,Child Vaccination,2025-09,53
94,Child Vaccination,2025-08,51
94,TB Screening,2026-01,47
94,TB Screening,2025-12,51
94,TB Screening,2025-11,52
94,TB Screening,2025-10,60
94,TB Screening,2025-09,61
94,TB Screening,2025-08,41
94,Diabetes Screening,2026-01,63
94,Diabetes Screening,2025-12,59
94,Diabetes Screening,2025-11,65
94,Diabetes Screening,2025-10,73
94,Diabetes Screening,2025-09,68
94,Diabetes Screening,2025-08,73
95,Child Vaccination,2026-01,48
95,Child Vaccination,2025-12,35
95,Child Vaccination,2025-11,41
95,Child Vaccination,2025-10,40
95,Child Vaccination,2025-09,45
95,Child Vaccination,2025-08,38
95,TB Screening,2026-01,56
95,TB Screening,2025-12,57
95,TB Screening,2025-11,55
95,TB Screening,2025-10,61
95,TB Screening,2025-09,73
95,TB Screening,2025-08,58
95,Diabetes Screening,2026-01,66
95,Diabetes Screening,2025-12,57
95,Diabetes Screening,2025-11,67
95,Diabetes Screening,2025-10,60
95,Diabetes Screening,2025-09,66
95,Diabetes Screening,2025-08,71
96,Child Vaccination,2026-01,45
96,Child Vaccination,2025-12,55
96,Child Vaccination,2025-11,51
96,Child Vaccination,2025-10,62
96,Child Vaccination,2025-09,51
96,Child Vaccination,2025-08,51
96,TB Screening,2026-01,63
96,TB Screening,2025-12,55
96,TB Screening,2025-11,64
96,TB Screening,2025-10,62
96,TB Screening,2025-09,66
96,TB Screening,2025-08,51
96,Diabetes Screening,2026-01,52
96,Diabetes Screening,2025-12,64
96,Diabetes Screening,2025-11,70
96,Diabetes Screening,2025-10,68
96,Diabetes Screening,2025-09,53
96,Diabetes Screening,2025-08,60
97,Child Vaccination,2026-01,36
97,Child Vaccination,2025-12,44
97,Child Vaccination,2025-11,41
97,Child Vaccination,2025-10,54
97,Child Vaccination,2025-09,43
97,Child Vaccination,2025-08,36
97,TB Screening,2026-01,64
97,TB Screening,2025-12,44
97,TB Screening,2025-11,46
97,TB Screening,2025-10,56
97,TB Screening,2025-09,52
97,TB Screening,2025-08,55
97,Diabetes Screening,2026-01,60
97,Diabetes Screening,2025-12,57
97,Diabetes Screening,2025-11,66
97,Diabetes Screening,2025-10,77
97,Diabetes Screening,2025-09,69
97,Diabetes Screening,2025-08,64
98,Child Vaccination,2026-01,58
98,Child Vaccination,2025-12,45
98,Child Vaccination,2025-11,52
98,Child Vaccination,2025-10,57
98,Child Vaccination,2025-09,61
98,Child Vaccination,2025-08,59
98,TB Screening,2026-01,37
98,TB Screening,2025-12,38
98,TB Screening,2025-11,48
98,TB Screening,2025-10,46
98,TB Screening,2025-09,49
98,TB Screening,2025-08,32
98,Diabetes Screening,2026-01,38
98,Diabetes Screening,2025-12,47
98,Diabetes Screening,2025-11,40
98,Diabetes Screening,2025-10,41
98,Diabetes Screening,2025-09,46
98,Diabetes Screening,2025-08,43
99,Child Vaccination,2026-01,58
99,Child Vaccination,2025-12,53
99,Child Vaccination,2025-11,64
99,Child Vaccination,2025-10,64
99,Child Vaccination,2025-09,64
99,Child Vaccination,2025-08,73
99,TB Screening,2026-01,46
99,TB Screening,2025-12,55
99,TB Screening,2025-11,47
99,TB Screening,2025-10,40
99,TB Screening,2025-09,59
99,TB Screening,2025-08,47
99,Diabetes Screening,2026-01,70
99,Diabetes Screening,2025-12,58
99,Diabetes Screening,2025-11,75
99,Diabetes Screening,2025-10,66
99,Diabetes Screening,2025-09,65
99,Diabetes Screening,2025-08,62
100,Child Vaccination,2026-01,52
100,Child Vaccination,2025-12,44
100,Child Vaccination,2025-11,42
100,Child Vaccination,2025-10,52
100,Child Vaccination,2025-09,56
100,Child Vaccination,2025-08,59
100,TB Screening,2026-01,77
100,TB Screening,2025-12,64
100,TB Screening,2025-11,70
100,TB Screening,2025-10,64
100,TB Screening,2025-09,75
100,TB Screening,2025-08,61
100,Diabetes Screening,2026-01,52
100,Diabetes Screening,2025-12,62
100,Diabetes Screening,2025-11,53
100,Diabetes Screening,2025-10,57
100,Diabetes Screening,2025-09,60
100,Diabetes Screening,2025-08,47
101,Child Vaccination,2026-01,56
101,Child Vaccination,2025-12,40
101,Child Vaccination,2025-11,54
101,Child Vaccination,2025-10,53
101,Child Vaccination,2025-09,42
101,Child Vaccination,2025-08,40
101,TB Screening,2026-01,55
101,TB Screening,2025-12,43
101,TB Screening,2025-11,52
101,TB Screening,2025-10,43
101,TB Screening,2025-09,59
101,TB Screening,2025-08,57
101,Diabetes Screening,2026-01,64
101,Diabetes Screening,2025-12,69
101,Diabetes Screening,2025-11,61
101,Diabetes Screening,2025-10,76
101,Diabetes Screening,2025-09,76
101,Diabetes Screening,2025-08,62
102,Child Vaccination,2026-01,45
102,Child Vaccination,2025-12,39
102,Child Vaccination,2025-11,35
102,Child Vaccination,2025-10,45
102,Child Vaccination,2025-09,48
102,Child Vaccination,2025-08,48
102,TB Screening,2026-01,53
102,TB Screening,2025-12,59
102,TB Screening,2025-11,47
102,TB Screening,2025-10,43
102,TB Screening,2025-09,45
102,TB Screening,2025-08,42
102,Diabetes Screening,2026-01,39
102,Diabetes Screening,2025-12,34
102,Diabetes Screening,2025-11,53
102,Diabetes Screening,2025-10,53
102,Diabetes Screening,2025-09,42
102,Diabetes Screening,2025-08,53
103,Child Vaccination,2026-01,67
103,Child Vaccination,2025-12,55
103,Child Vaccination,2025-11,67
103,Child Vaccination,2025-10,55
103,Child Vaccination,2025-09,55
103,Child Vaccination,2025-08,48
103,TB Screening,2026-01,43
103,TB Screening,2025-12,56
103,TB Screening,2025-11,45
103,TB Screening,2025-10,57
103,TB Screening,2025-09,60
103,TB Screening,2025-08,56
103,Diabetes Screening,2026-01,72
103,Diabetes Screening,2025-12,63
103,Diabetes Screening,2025-11,57
103,Diabetes Screening,2025-10,64
103,Diabetes Screening,2025-09,67
103,Diabetes Screening,2025-08,67
104,Child Vaccination,2026-01,39
104,Child Vaccination,2025-12,40
104,Child Vaccination,2025-11,41
104,Child Vaccination,2025-10,35
104,Child Vaccination,2025-09,47
104,Child Vaccination,2025-08,34
104,TB Screening,2026-01,67
104,TB Screening,2025-12,72
104,TB Screening,2025-11,66
104,TB Screening,2025-10,65
104,TB Screening,2025-09,65
104,TB Screening,2025-08,61
104,Diabetes Screening,2026-01,49
104,Diabetes Screening,2025-12,54
104,Diabetes Screening,2025-11,50
104,Diabetes Screening,2025-10,45
104,Diabetes Screening,2025-09,49
104,Diabetes Screening,2025-08,42
105,Child Vaccination,2026-01,55
105,Child Vaccination,2025-12,44
105,Child Vaccination,2025-11,62
105,Child Vaccination,2025-10,55
105,Child Vaccination,2025-09,53
105,Child Vaccination,2025-08,55
105,TB Screening,2026-01,67
105,TB Screening,2025-12,68
105,TB Screening,2025-11,66
105,TB Screening,2025-10,65
105,TB Screening,2025-09,69
105,TB Screening,2025-08,50
105,Diabetes Screening,2026-01,49
105,Diabetes Screening,2025-12,60
105,Diabetes Screening,2025-11,60
105,Diabetes Screening,2025-10,47
105,Diabetes Screening,2025-09,53
105,Diabetes Screening,2025-08,62
106,Child Vaccination,2026-01,59
106,Child Vaccination,2025-12,48
106,Child Vaccination,2025-11,64
106,Child Vaccination,2025-10,59
106,Child Vaccination,2025-09,63
106,Child Vaccination,2025-08,67
106,TB Screening,2026-01,61
106,TB Screening,2025-12,66
106,TB Screening,2025-11,69
106,TB Screening,2025-10,74
106,TB Screening,2025-09,72
106,TB Screening,2025-08,69
106,Diabetes Screening,2026-01,63
106,Diabetes Screening,2025-12,68
106,Diabetes Screening,2025-11,59
106,Diabetes Screening,2025-10,67
106,Diabetes Screening,2025-09,63
106,Diabetes Screening,2025-08,73
107,Child Vaccination,2026-01,60
107,Child Vaccination,2025-12,75
107,Child Vaccination,2025-11,63
107,Child Vaccination,2025-10,73
107,Child Vaccination,2025-09,79
107,Child Vaccination,2025-08,73
107,TB Screening,2026-01,48
107,TB Screening,2025-12,35
107,TB Screening,2025-11,37
107,TB Screening,2025-10,50
107,TB Screening,2025-09,49
107,TB Screening,2025-08,36
107,Diabetes Screening,2026-01,55
107,Diabetes Screening,2025-12,52
107,Diabetes Screening,2025-11,56
107,Diabetes Screening,2025-10,42
107,Diabetes Screening,2025-09,47
107,Diabetes Screening,2025-08,56
108,Child Vaccination,2026-01,54
108,Child Vaccination,2025-12,62
108,Child Vaccination,2025-11,50
108,Child Vaccination,2025-10,56
108,Child Vaccination,2025-09,58
108,Child Vaccination,2025-08,68
108,TB Screening,2026-01,64
108,TB Screening,2025-12,62
108,TB Screening,2025-11,61
108,TB Screening,2025-10,62
108,TB Screening,2025-09,73
108,TB Screening,2025-08,79
108,Diabetes Screening,2026-01,43
108,Diabetes Screening,2025-12,57
108,Diabetes Screening,2025-11,53
108,Diabetes Screening,2025-10,57
108,Diabetes Screening,2025-09,60
108,Diabetes Screening,2025-08,46
109,Child Vaccination,2026-01,59
109,Child Vaccination,2025-12,54
109,Child Vaccination,2025-11,43
109,Child Vaccination,2025-10,47
109,Child Vaccination,2025-09,52
109,Child Vaccination,2025-08,60
109,TB Screening,2026-01,61
109,TB Screening,2025-12,62
109,TB Screening,2025-11,61
109,TB Screening,2025-10,62
109,TB Screening,2025-09,58
109,TB Screening,2025-08,70
109,Diabetes Screening,2026-01,48
109,Diabetes Screening,2025-12,53
109,Diabetes Screening,2025-11,48
109,Diabetes Screening,2025-10,59
109,Diabetes Screening,2025-09,44
109,Diabetes Screening,2025-08,42
110,Child Vaccination,2026-01,62
110,Child Vaccination,2025-12,64
110,Child Vaccination,2025-11,58
110,Child Vaccination,2025-10,77
110,Child Vaccination,2025-09,66
110,Child Vaccination,2025-08,58
110,TB Screening,2026-01,59
110,TB Screening,2025-12,59
110,TB Screening,2025-11,61
110,TB Screening,2025-10,44
110,TB Screening,2025-09,63
110,TB Screening,2025-08,59
110,Diabetes Screening,2026-01,43
110,Diabetes Screening,2025-12,55
110,Diabetes Screening,2025-11,52
110,Diabetes Screening,2025-10,51
110,Diabetes Screening,2025-09,50
110,Diabetes Screening,2025-08,51
111,Child Vaccination,2026-01,51
111,Child Vaccination,2025-12,51
111,Child Vaccination,2025-11,32
111,Child Vaccination,2025-10,39
111,Child Vaccination,2025-09,49
111,Child Vaccination,2025-08,40
111,TB Screening,2026-01,69
111,TB Screening,2025-12,66
111,TB Screening,2025-11,55
111,TB Screening,2025-10,50
111,TB Screening,2025-09,54
111,TB Screening,2025-08,53
111,Diabetes Screening,2026-01,51
111,Diabetes Screening,2025-12,42
111,Diabetes Screening,2025-11,32
111,Diabetes Screening,2025-10,35
111,Diabetes Screening,2025-09,32
111,Diabetes Screening,2025-08,49
112,Child Vaccination,2026-01,75
112,Child Vaccination,2025-12,65
112,Child Vaccination,2025-11,66
112,Child Vaccination,2025-10,58
112,Child Vaccination,2025-09,57
112,Child Vaccination,2025-08,59
112,TB Screening,2026-01,48
112,TB Screening,2025-12,48
112,TB Screening,2025-11,52
112,TB Screening,2025-10,62
112,TB Screening,2025-09,62
112,TB Screening,2025-08,61
112,Diabetes Screening,2026-01,72
112,Diabetes Screening,2025-12,60
112,Diabetes Screening,2025-11,69
112,Diabetes Screening,2025-10,73
112,Diabetes Screening,2025-09,66
112,Diabetes Screening,2025-08,56
113,Child Vaccination,2026-01,41
113,Child Vaccination,2025-12,42
113,Child Vaccination,2025-11,43
113,Child Vaccination,2025-10,44
113,Child Vaccination,2025-09,34
113,Child Vaccination,2025-08,45
113,TB Screening,2026-01,73
113,TB Screening,2025-12,58
113,TB Screening,2025-11,65
113,TB Screening,2025-10,71
113,TB Screening,2025-09,60
113,TB Screening,2025-08,59
113,Diabetes Screening,2026-01,60
113,Diabetes Screening,2025-12,62
113,Diabetes Screening,2025-11,68
113,Diabetes Screening,2025-10,65
113,Diabetes Screening,2025-09,68
113,Diabetes Screening,2025-08,58
114,Child Vaccination,2026-01,58
114,Child Vaccination,2025-12,71
114,Child Vaccination,2025-11,53
114,Child Vaccination,2025-10,55
114,Child Vaccination,2025-09,70
114,Child Vaccination,2025-08,72
114,TB Screening,2026-01,48
114,TB Screening,2025-12,61
114,TB Screening,2025-11,65
114,TB Screening,2025-10,55
114,TB Screening,2025-09,59
114,TB Screening,2025-08,65
114,Diabetes Screening,2026-01,67
114,Diabetes Screening,2025-12,65
114,Diabetes Screening,2025-11,73
114,Diabetes Screening,2025-10,75
114,Diabetes Screening,2025-09,76
114,Diabetes Screening,2025-08,68
115,Child Vaccination,2026-01,63
115,Child Vaccination,2025-12,78
115,Child Vaccination,2025-11,77
115,Child Vaccination,2025-10,74
115,Child Vaccination,2025-09,75
115,Child Vaccination,2025-08,79
115,TB Screening,2026-01,60
115,TB Screening,2025-12,50
115,TB Screening,2025-11,64
115,TB Screening,2025-10,52
115,TB Screening,2025-09,54
115,TB Screening,2025-08,51
115,Diabetes Screening,2026-01,33
115,Diabetes Screening,2025-12,30
115,Diabetes Screening,2025-11,44
115,Diabetes Screening,2025-10,50
115,Diabetes Screening,2025-09,33
115,Diabetes Screening,2025-08,36
116,Child Vaccination,2026-01,74
116,Child Vaccination,2025-12,68
116,Child Vaccination,2025-11,68
116,Child Vaccination,2025-10,56
116,Child Vaccination,2025-09,65
116,Child Vaccination,2025-08,66
116,TB Screening,2026-01,67
116,TB Screening,2025-12,53
116,TB Screening,2025-11,47
116,TB Screening,2025-10,67
116,TB Screening,2025-09,53
116,TB Screening,2025-08,56
116,Diabetes Screening,2026-01,40
116,Diabetes Screening,2025-12,47
116,Diabetes Screening,2025-11,47
116,Diabetes Screening,2025-10,54
116,Diabetes Screening,2025-09,55
116,Diabetes Screening,2025-08,48
117,Child Vaccination,2026-01,54
117,Child Vaccination,2025-12,57
117,Child Vaccination,2025-11,64
117,Child Vaccination,2025-10,64
117,Child Vaccination,2025-09,66
117,Child Vaccination,2025-08,72
117,TB Screening,2026-01,49
117,TB Screening,2025-12,54
117,TB Screening,2025-11,55
117,TB Screening,2025-10,59
117,TB Screening,2025-09,59
117,TB Screening,2025-08,64
117,Diabetes Screening,2026-01,74
117,Diabetes Screening,2025-12,60
117,Diabetes Screening,2025-11,79
117,Diabetes Screening,2025-10,63
117,Diabetes Screening,2025-09,74
117,Diabetes Screening,2025-08,63
118,Child Vaccination,2026-01,64
118,Child Vaccination,2025-12,67
118,Child Vaccination,2025-11,60
118,Child Vaccination,2025-10,64
118,Child Vaccination,2025-09,63
118,Child Vaccination,2025-08,51
118,TB Screening,2026-01,72
118,TB Screening,2025-12,65
118,TB Screening,2025-11,74
118,TB Screening,2025-10,66
118,TB Screening,2025-09,73
118,TB Screening,2025-08,73
118,Diabetes Screening,2026-01,36
118,Diabetes Screening,2025-12,48
118,Diabetes Screening,2025-11,40
118,Diabetes Screening,2025-10,41
118,Diabetes Screening,2025-09,32
118,Diabetes Screening,2025-08,34
119,Child Vaccination,2026-01,38
119,Child Vaccination,2025-12,48
119,Child Vaccination,2025-11,50
119,Child Vaccination,2025-10,58
119,Child Vaccination,2025-09,55
119,Child Vaccination,2025-08,43
119,TB Screening,2026-01,67
119,TB Screening,2025-12,60
119,TB Screening,2025-11,53
119,TB Screening,2025-10,67
119,TB Screening,2025-09,51
119,TB Screening,2025-08,57
119,Diabetes Screening,2026-01,62
119,Diabetes Screening,2025-12,53
119,Diabetes Screening,2025-11,60
119,Diabetes Screening,2025-10,65
119,Diabetes Screening,2025-09,54
119,Diabetes Screening,2025-08,67
120,Child Vaccination,2026-01,65
120,Child Vaccination,2025-12,69
120,Child Vaccination,2025-11,72
120,Child Vaccination,2025-10,67
120,Child Vaccination,2025-09,64
120,Child Vaccination,2025-08,74
120,TB Screening,2026-01,44
120,TB Screening,2025-12,42
120,TB Screening,2025-11,50
120,TB Screening,2025-10,40
120,TB Screening,2025-09,45
120,TB Screening,2025-08,41
120,Diabetes Screening,2026-01,60
120,Diabetes Screening,2025-12,44
120,Diabetes Screening,2025-11,59
120,Diabetes Screening,2025-10,60
120,Diabetes Screening,2025-09,48
120,Diabetes Screening,2025-08,50
121,Child Vaccination,2026-01,55
121,Child Vaccination,2025-12,56
121,Child Vaccination,2025-11,49
121,Child Vaccination,2025-10,50
121,Child Vaccination,2025-09,44
121,Child Vaccination,2025-08,43
121,TB Screening,2026-01,72
121,TB Screening,2025-12,60
121,TB Screening,2025-11,62
121,TB Screening,2025-10,57
121,TB Screening,2025-09,70
121,TB Screening,2025-08,68
121,Diabetes Screening,2026-01,68
121,Diabetes Screening,2025-12,55
121,Diabetes Screening,2025-11,52
121,Diabetes Screening,2025-10,61
121,Diabetes Screening,2025-09,53
121,Diabetes Screening,2025-08,71
122,Child Vaccination,2026-01,59
122,Child Vaccination,2025-12,67
122,Child Vaccination,2025-11,71
122,Child Vaccination,2025-10,58
122,Child Vaccination,2025-09,60
122,Child Vaccination,2025-08,73
122,TB Screening,2026-01,63
122,TB Screening,2025-12,54
122,TB Screening,2025-11,72
122,TB Screening,2025-10,63
122,TB Screening,2025-09,74
122,TB Screening,2025-08,60
122,Diabetes Screening,2026-01,46
122,Diabetes Screening,2025-12,46
122,Diabetes Screening,2025-11,49
122,Diabetes Screening,2025-10,48
122,Diabetes Screening,2025-09,57
122,Diabetes Screening,2025-08,50
123,Child Vaccination,2026-01,68
123,Child Vaccination,2025-12,57
123,Child Vaccination,2025-11,62
123,Child Vaccination,2025-10,58
123,Child Vaccination,2025-09,59
123,Child Vaccination,2025-08,62
123,TB Screening,2026-01,33
123,TB Screening,2025-12,52
123,TB Screening,2025-11,50
123,TB Screening,2025-10,49
123,TB Screening,2025-09,36
123,TB Screening,2025-08,39
123,Diabetes Screening,2026-01,58
123,Diabetes Screening,2025-12,64
123,Diabetes Screening,2025-11,57
123,Diabetes Screening,2025-10,55
123,Diabetes Screening,2025-09,51
123,Diabetes Screening,2025-08,56
124,Child Vaccination,2026-01,55
124,Child Vaccination,2025-12,53
124,Child Vaccination,2025-11,50
124,Child Vaccination,2025-10,57
124,Child Vaccination,2025-09,67
124,Child Vaccination,2025-08,58
124,TB Screening,2026-01,61
124,TB Screening,2025-12,48
124,TB Screening,2025-11,51
124,TB Screening,2025-10,47
124,TB Screening,2025-09,62
124,TB Screening,2025-08,48
124,Diabetes Screening,2026-01,45
124,Diabetes Screening,2025-12,34
124,Diabetes Screening,2025-11,35
124,Diabetes Screening,2025-10,46
124,Diabetes Screening,2025-09,45
124,Diabetes Screening,2025-08,38
125,Child Vaccination,2026-01,71
125,Child Vaccination,2025-12,70
125,Child Vaccination,2025-11,72
125,Child Vaccination,2025-10,66
125,Child Vaccination,2025-09,71
125,Child Vaccination,2025-08,63
125,TB Screening,2026-01,49
125,TB Screening,2025-12,45
125,TB Screening,2025-11,56
125,TB Screening,2025-10,41
125,TB Screening,2025-09,53
125,TB Screening,2025-08,57
125,Diabetes Screening,2026-01,36
125,Diabetes Screening,2025-12,48
125,Diabetes Screening,2025-11,37
125,Diabetes Screening,2025-10,48
125,Diabetes Screening,2025-09,43
125,Diabetes Screening,2025-08,54
126,Child Vaccination,2026-01,66
126,Child Vaccination,2025-12,67
126,Child Vaccination,2025-11,59
126,Child Vaccination,2025-10,59
126,Child Vaccination,2025-09,56
126,Child Vaccination,2025-08,71
126,TB Screening,2026-01,49
126,TB Screening,2025-12,50
126,TB Screening,2025-11,43
126,TB Screening,2025-10,48
126,TB Screening,2025-09,48
126,TB Screening,2025-08,52
126,Diabetes Screening,2026-01,45
126,Diabetes Screening,2025-12,47
126,Diabetes Screening,2025-11,60
126,Diabetes Screening,2025-10,48
126,Diabetes Screening,2025-09,56
126,Diabetes Screening,2025-08,60
127,Child Vaccination,2026-01,49
127,Child Vaccination,2025-12,53
127,Child Vaccination,2025-11,55
127,Child Vaccination,2025-10,63
127,Child Vaccination,2025-09,62
127,Child Vaccination,2025-08,48
127,TB Screening,2026-01,49
127,TB Screening,2025-12,58
127,TB Screening,2025-11,49
127,TB Screening,2025-10,56
127,TB Screening,2025-09,63
127,TB Screening,2025-08,66
127,Diabetes Screening,2026-01,41
127,Diabetes Screening,2025-12,49
127,Diabetes Screening,2025-11,46
127,Diabetes Screening,2025-10,44
127,Diabetes Screening,2025-09,50
127,Diabetes Screening,2025-08,45
128,Child Vaccination,2026-01,56
128,Child Vaccination,2025-12,44
128,Child Vaccination,2025-11,54
128,Child Vaccination,2025-10,42
128,Child Vaccination,2025-09,52
128,Child Vaccination,2025-08,49
128,TB Screening,2026-01,42
128,TB Screening,2025-12,38
128,TB Screening,2025-11,50
128,TB Screening,2025-10,45
128,TB Screening,2025-09,45
128,TB Screening,2025-08,50
128,Diabetes Screening,2026-01,65
128,Diabetes Screening,2025-12,72
128,Diabetes Screening,2025-11,62
128,Diabetes Screening,2025-10,60
128,Diabetes Screening,2025-09,57
128,Diabetes Screening,2025-08,73
129,Child Vaccination,2026-01,71
129,Child Vaccination,2025-12,59
129,Child Vaccination,2025-11,74
129,Child Vaccination,2025-10,75
129,Child Vaccination,2025-09,70
129,Child Vaccination,2025-08,66
129,TB Screening,2026-01,50
129,TB Screening,2025-12,61
129,TB Screening,2025-11,52
129,TB Screening,2025-10,56
129,TB Screening,2025-09,59
129,TB Screening,2025-08,49
129,Diabetes Screening,2026-01,52
129,Diabetes Screening,2025-12,68
129,Diabetes Screening,2025-11,61
129,Diabetes Screening,2025-10,59
129,Diabetes Screening,2025-09,64
129,Diabetes Screening,2025-08,69
130,Child Vaccination,2026-01,52
130,Child Vaccination,2025-12,53
130,Child Vaccination,2025-11,57
130,Child Vaccination,2025-10,55
130,Child Vaccination,2025-09,69
130,Child Vaccination,2025-08,71
130,TB Screening,2026-01,55
130,TB Screening,2025-12,59
130,TB Screening,2025-11,59
130,TB Screening,2025-10,69
130,TB Screening,2025-09,72
130,TB Screening,2025-08,64
130,Diabetes Screening,2026-01,61
130,Diabetes Screening,2025-12,60
130,Diabetes Screening,2025-11,56
130,Diabetes Screening,2025-10,48
130,Diabetes Screening,2025-09,48
130,Diabetes Screening,2025-08,52
131,Child Vaccination,2026-01,57
131,Child Vaccination,2025-12,48
131,Child Vaccination,2025-11,52
131,Child Vaccination,2025-10,50
131,Child Vaccination,2025-09,41
131,Child Vaccination,2025-08,57
131,TB Screening,2026-01,49
131,TB Screening,2025-12,46
131,TB Screening,2025-11,42
131,TB Screening,2025-10,34
131,TB Screening,2025-09,39
131,TB Screening,2025-08,31
131,Diabetes Screening,2026-01,58
131,Diabetes Screening,2025-12,42
131,Diabetes Screening,2025-11,41
131,Diabetes Screening,2025-10,58
131,Diabetes Screening,2025-09,52
131,Diabetes Screening,2025-08,44
132,Child Vaccination,2026-01,66
132,Child Vaccination,2025-12,57
132,Child Vaccination,2025-11,64
132,Child Vaccination,2025-10,70
132,Child Vaccination,2025-09,75
132,Child Vaccination,2025-08,69
132,TB Screening,2026-01,60
132,TB Screening,2025-12,62
132,TB Screening,2025-11,62
132,TB Screening,2025-10,62
132,TB Screening,2025-09,63
132,TB Screening,2025-08,67
132,Diabetes Screening,2026-01,41
132,Diabetes Screening,2025-12,51
132,Diabetes Screening,2025-11,40
132,Diabetes Screening,2025-10,42
132,Diabetes Screening,2025-09,53
132,Diabetes Screening,2025-08,48
133,Child Vaccination,2026-01,67
133,Child Vaccination,2025-12,69
133,Child Vaccination,2025-11,60
133,Child Vaccination,2025-10,65
133,Child Vaccination,2025-09,60
133,Child Vaccination,2025-08,60
133,TB Screening,2026-01,32
133,TB Screening,2025-12,50
133,TB Screening,2025-11,30
133,TB Screening,2025-10,34
133,TB Screening,2025-09,45
133,TB Screening,2025-08,43
133,Diabetes Screening,2026-01,36
133,Diabetes Screening,2025-12,38
133,Diabetes Screening,2025-11,54
133,Diabetes Screening,2025-10,47
133,Diabetes Screening,2025-09,48
133,Diabetes Screening,2025-08,53
134,Child Vaccination,2026-01,72
134,Child Vaccination,2025-12,78
134,Child Vaccination,2025-11,64
134,Child Vaccination,2025-10,73
134,Child Vaccination,2025-09,75
134,Child Vaccination,2025-08,72
134,TB Screening,2026-01,61
134,TB Screening,2025-12,59
134,TB Screening,2025-11,58
134,TB Screening,2025-10,54
134,TB Screening,2025-09,52
134,TB Screening,2025-08,60
134,Diabetes Screening,2026-01,49
134,Diabetes Screening,2025-12,67
134,Diabetes Screening,2025-11,64
134,Diabetes Screening,2025-10,56
134,Diabetes Screening,2025-09,65
134,Diabetes Screening,2025-08,57
135,Child Vaccination,2026-01,60
135,Child Vaccination,2025-12,61
135,Child Vaccination,2025-11,54
135,Child Vaccination,2025-10,44
135,Child Vaccination,2025-09,44
135,Child Vaccination,2025-08,61
135,TB Screening,2026-01,56
135,TB Screening,2025-12,48
135,TB Screening,2025-11,63
135,TB Screening,2025-10,60
135,TB Screening,2025-09,47
135,TB Screening,2025-08,49
135,Diabetes Screening,2026-01,69
135,Diabetes Screening,2025-12,61
135,Diabetes Screening,2025-11,67
135,Diabetes Screening,2025-10,69
135,Diabetes Screening,2025-09,55
135,Diabetes Screening,2025-08,69
136,Child Vaccination,2026-01,77
136,Child Vaccination,2025-12,60
136,Child Vaccination,2025-11,65
136,Child Vaccination,2025-10,73
136,Child Vaccination,2025-09,78
136,Child Vaccination,2025-08,60
136,TB Screening,2026-01,71
136,TB Screening,2025-12,68
136,TB Screening,2025-11,69
136,TB Screening,2025-10,60
136,TB Screening,2025-09,70
136,TB Screening,2025-08,52
136,Diabetes Screening,2026-01,68
136,Diabetes Screening,2025-12,75
136,Diabetes Screening,2025-11,58
136,Diabetes Screening,2025-10,73
136,Diabetes Screening,2025-09,72
136,Diabetes Screening,2025-08,74
137,Child Vaccination,2026-01,73
137,Child Vaccination,2025-12,76
137,Child Vaccination,2025-11,68
137,Child Vaccination,2025-10,71
137,Child Vaccination,2025-09,69
137,Child Vaccination,2025-08,67
137,TB Screening,2026-01,44
137,TB Screening,2025-12,40
137,TB Screening,2025-11,58
137,TB Screening,2025-10,48
137,TB Screening,2025-09,57
137,TB Screening,2025-08,47
137,Diabetes Screening,2026-01,51
137,Diabetes Screening,2025-12,46
137,Diabetes Screening,2025-11,49
137,Diabetes Screening,2025-10,36
137,Diabetes Screening,2025-09,49
137,Diabetes Screening,2025-08,32
138,Child Vaccination,2026-01,60
138,Child Vaccination,2025-12,70
138,Child Vaccination,2025-11,51
138,Child Vaccination,2025-10,60
138,Child Vaccination,2025-09,66
138,Child Vaccination,2025-08,53
138,TB Screening,2026-01,50
138,TB Screening,2025-12,36
138,TB Screening,2025-11,42
138,TB Screening,2025-10,42
138,TB Screening,2025-09,38
138,TB Screening,2025-08,53
138,Diabetes Screening,2026-01,46
138,Diabetes Screening,2025-12,46
138,Diabetes Screening,2025-11,38
138,Diabetes Screening,2025-10,41
138,Diabetes Screening,2025-09,57
138,Diabetes Screening,2025-08,43
139,Child Vaccination,2026-01,77
139,Child Vaccination,2025-12,63
139,Child Vaccination,2025-11,73
139,Child Vaccination,2025-10,70
139,Child Vaccination,2025-09,64
139,Child Vaccination,2025-08,67
139,TB Screening,2026-01,62
139,TB Screening,2025-12,70
139,TB Screening,2025-11,60
139,TB Screening,2025-10,71
139,TB Screening,2025-09,56
139,TB Screening,2025-08,65
139,Diabetes Screening,2026-01,36
139,Diabetes Screening,2025-12,51
139,Diabetes Screening,2025-11,36
139,Diabetes Screening,2025-10,47
139,Diabetes Screening,2025-09,45
139,Diabetes Screening,2025-08,44
140,Child Vaccination,2026-01,51
140,Child Vaccination,2025-12,57
140,Child Vaccination,2025-11,42
140,Child Vaccination,2025-10,43
140,Child Vaccination,2025-09,55
140,Child Vaccination,2025-08,48
140,TB Screening,2026-01,51
140,TB Screening,2025-12,39
140,TB Screening,2025-11,34
140,TB Screening,2025-10,32
140,TB Screening,2025-09,36
140,TB Screening,2025-08,45
140,Diabetes Screening,2026-01,57
140,Diabetes Screening,2025-12,51
140,Diabetes Screening,2025-11,57
140,Diabetes Screening,2025-10,59
140,Diabetes Screening,2025-09,49
140,Diabetes Screening,2025-08,54
141,Child Vaccination,2026-01,63
141,Child Vaccination,2025-12,66
141,Child Vaccination,2025-11,59
141,Child Vaccination,2025-10,55
141,Child Vaccination,2025-09,67
141,Child Vaccination,2025-08,64
141,TB Screening,2026-01,39
141,TB Screening,2025-12,44
141,TB Screening,2025-11,42
141,TB Screening,2025-10,40
141,TB Screening,2025-09,46
141,TB Screening,2025-08,31
141,Diabetes Screening,2026-01,50
141,Diabetes Screening,2025-12,53
141,Diabetes Screening,2025-11,44
141,Diabetes Screening,2025-10,46
141,Diabetes Screening,2025-09,52
141,Diabetes Screening,2025-08,53
142,Child Vaccination,2026-01,65
142,Child Vaccination,2025-12,67
142,Child Vaccination,2025-11,65
142,Child Vaccination,2025-10,65
142,Child Vaccination,2025-09,60
142,Child Vaccination,2025-08,65
142,TB Screening,2026-01,68
142,TB Screening,2025-12,62
142,TB Screening,2025-11,64
142,TB Screening,2025-10,57
142,TB Screening,2025-09,68
142,TB Screening,2025-08,56
142,Diabetes Screening,2026-01,56
142,Diabetes Screening,2025-12,51
142,Diabetes Screening,2025-11,56
142,Diabetes Screening,2025-10,63
142,Diabetes Screening,2025-09,46
142,Diabetes Screening,2025-08,46
143,Child Vaccination,2026-01,58
143,Child Vaccination,2025-12,56
143,Child Vaccination,2025-11,69
143,Child Vaccination,2025-10,59
143,Child Vaccination,2025-09,72
143,Child Vaccination,2025-08,59
143,TB Screening,2026-01,65
143,TB Screening,2025-12,62
143,TB Screening,2025-11,58
143,TB Screening,2025-10,60
143,TB Screening,2025-09,59
143,TB Screening,2025-08,57
143,Diabetes Screening,2026-01,31
143,Diabetes Screening,2025-12,50
143,Diabetes Screening,2025-11,33
143,Diabetes Screening,2025-10,32
143,Diabetes Screening,2025-09,50
143,Diabetes Screening,2025-08,37
144,Child Vaccination,2026-01,79
144,Child Vaccination,2025-12,80
144,Child Vaccination,2025-11,63
144,Child Vaccination,2025-10,63
144,Child Vaccination,2025-09,62
144,Child Vaccination,2025-08,79
144,TB Screening,2026-01,46
144,TB Screening,2025-12,54
144,TB Screening,2025-11,52
144,TB Screening,2025-10,39
144,TB Screening,2025-09,37
144,TB Screening,2025-08,39
144,Diabetes Screening,2026-01,47
144,Diabetes Screening,2025-12,52
144,Diabetes Screening,2025-11,40
144,Diabetes Screening,2025-10,58
144,Diabetes Screening,2025-09,52
144,Diabetes Screening,2025-08,46
145,Child Vaccination,2026-01,67
145,Child Vaccination,2025-12,64
145,Child Vaccination,2025-11,62
145,Child Vaccination,2025-10,59
145,Child Vaccination,2025-09,56
145,Child Vaccination,2025-08,62
145,TB Screening,2026-01,55
145,TB Screening,2025-12,66
145,TB Screening,2025-11,66
145,TB Screening,2025-10,64
145,TB Screening,2025-09,55
145,TB Screening,2025-08,62
145,Diabetes Screening,2026-01,68
145,Diabetes Screening,2025-12,65
145,Diabetes Screening,2025-11,74
145,Diabetes Screening,2025-10,62
145,Diabetes Screening,2025-09,75
145,Diabetes Screening,2025-08,66
146,Child Vaccination,2026-01,61
146,Child Vaccination,2025-12,54
146,Child Vaccination,2025-11,69
146,Child Vaccination,2025-10,64
146,Child Vaccination,2025-09,52
146,Child Vaccination,2025-08,53
146,TB Screening,2026-01,60
146,TB Screening,2025-12,53
146,TB Screening,2025-11,66
146,TB Screening,2025-10,67
146,TB Screening,2025-09,50
146,TB Screening,2025-08,61
146,Diabetes Screening,2026-01,60
146,Diabetes Screening,2025-12,55
146,Diabetes Screening,2025-11,53
146,Diabetes Screening,2025-10,54
146,Diabetes Screening,2025-09,54
146,Diabetes Screening,2025-08,70
147,Child Vaccination,2026-01,61
147,Child Vaccination,2025-12,67
147,Child Vaccination,2025-11,53
147,Child Vaccination,2025-10,68
147,Child Vaccination,2025-09,57
147,Child Vaccination,2025-08,73
147,TB Screening,2026-01,50
147,TB Screening,2025-12,51
147,TB Screening,2025-11,62
147,TB Screening,2025-10,58
147,TB Screening,2025-09,54
147,TB Screening,2025-08,60
147,Diabetes Screening,2026-01,70
147,Diabetes Screening,2025-12,76
147,Diabetes Screening,2025-11,58
147,Diabetes Screening,2025-10,74
147,Diabetes Screening,2025-09,73
147,Diabetes Screening,2025-08,73
148,Child Vaccination,2026-01,55
148,Child Vaccination,2025-12,45
148,Child Vaccination,2025-11,60
148,Child Vaccination,2025-10,50
148,Child Vaccination,2025-09,43
148,Child Vaccination,2025-08,55
148,TB Screening,2026-01,75
148,TB Screening,2025-12,63
148,TB Screening,2025-11,78
148,TB Screening,2025-10,77
148,TB Screening,2025-09,71
148,TB Screening,2025-08,70
148,Diabetes Screening,2026-01,60
148,Diabetes Screening,2025-12,63
148,Diabetes Screening,2025-11,52
148,Diabetes Screening,2025-10,71
148,Diabetes Screening,2025-09,71
148,Diabetes Screening,2025-08,53
149,Child Vaccination,2026-01,58
149,Child Vaccination,2025-12,51
149,Child Vaccination,2025-11,43
149,Child Vaccination,2025-10,55
149,Child Vaccination,2025-09,50
149,Child Vaccination,2025-08,61
149,TB Screening,2026-01,41
149,TB Screening,2025-12,53
149,TB Screening,2025-11,37
149,TB Screening,2025-10,48
149,TB Screening,2025-09,42
149,TB Screening,2025-08,45
149,Diabetes Screening,2026-01,64
149,Diabetes Screening,2025-12,55
149,Diabetes Screening,2025-11,72
149,Diabetes Screening,2025-10,63
149,Diabetes Screening,2025-09,67
149,Diabetes Screening,2025-08,54
150,Child Vaccination,2026-01,78
150,Child Vaccination,2025-12,72
150,Child Vaccination,2025-11,64
150,Child Vaccination,2025-10,62
150,Child Vaccination,2025-09,59
150,Child Vaccination,2025-08,64
150,TB Screening,2026-01,48
150,TB Screening,2025-12,37
150,TB Screening,2025-11,45
150,TB Screening,2025-10,42
150,TB Screening,2025-09,32
150,TB Screening,2025-08,47
150,Diabetes Screening,2026-01,59
150,Diabetes Screening,2025-12,65
150,Diabetes Screening,2025-11,67
150,Diabetes Screening,2025-10,64
150,Diabetes Screening,2025-09,50
150,Diabetes Screening,2025-08,51
151,Child Vaccination,2026-01,41
151,Child Vaccination,2025-12,50
151,Child Vaccination,2025-11,41
151,Child Vaccination,2025-10,52
151,Child Vaccination,2025-09,43
151,Child Vaccination,2025-08,46
151,TB Screening,2026-01,75
151,TB Screening,2025-12,71
151,TB Screening,2025-11,69
151,TB Screening,2025-10,72
151,TB Screening,2025-09,59
151,TB Screening,2025-08,73
151,Diabetes Screening,2026-01,39
151,Diabetes Screening,2025-12,38
151,Diabetes Screening,2025-11,41
151,Diabetes Screening,2025-10,52
151,Diabetes Screening,2025-09,57
151,Diabetes Screening,2025-08,37
152,Child Vaccination,2026-01,64
152,Child Vaccination,2025-12,46
152,Child Vaccination,2025-11,52
152,Child Vaccination,2025-10,65
152,Child Vaccination,2025-09,49
152,Child Vaccination,2025-08,45
152,TB Screening,2026-01,55
152,TB Screening,2025-12,36
152,TB Screening,2025-11,44
152,TB Screening,2025-10,38
152,TB Screening,2025-09,49
152,TB Screening,2025-08,54
152,Diabetes Screening,2026-01,53
152,Diabetes Screening,2025-12,37
152,Diabetes Screening,2025-11,38
152,Diabetes Screening,2025-10,38
152,Diabetes Screening,2025-09,50
152,Diabetes Screening,2025-08,54
153,Child Vaccination,2026-01,74
153,Child Vaccination,2025-12,62
153,Child Vaccination,2025-11,57
153,Child Vaccination,2025-10,61
153,Child Vaccination,2025-09,68
153,Child Vaccination,2025-08,65
153,TB Screening,2026-01,67
153,TB Screening,2025-12,65
153,TB Screening,2025-11,58
153,TB Screening,2025-10,73
153,TB Screening,2025-09,72
153,TB Screening,2025-08,59
153,Diabetes Screening,2026-01,46
153,Diabetes Screening,2025-12,41
153,Diabetes Screening,2025-11,58
153,Diabetes Screening,2025-10,45
153,Diabetes Screening,2025-09,50
153,Diabetes Screening,2025-08,42
154,Child Vaccination,2026-01,41
154,Child Vaccination,2025-12,37
154,Child Vaccination,2025-11,46
154,Child Vaccination,2025-10,38
154,Child Vaccination,2025-09,44
154,Child Vaccination,2025-08,50
154,TB Screening,2026-01,49
154,TB Screening,2025-12,42
154,TB Screening,2025-11,53
154,TB Screening,2025-10,36
154,TB Screening,2025-09,39
154,TB Screening,2025-08,38
154,Diabetes Screening,2026-01,75
154,Diabetes Screening,2025-12,74
154,Diabetes Screening,2025-11,67
154,Diabetes Screening,2025-10,60
154,Diabetes Screening,2025-09,55
154,Diabetes Screening,2025-08,70
155,Child Vaccination,2026-01,32
155,Child Vaccination,2025-12,32
155,Child Vaccination,2025-11,37
155,Child Vaccination,2025-10,34
155,Child Vaccination,2025-09,52
155,Child Vaccination,2025-08,50
155,TB Screening,2026-01,67
155,TB Screening,2025-12,71
155,TB Screening,2025-11,73
155,TB Screening,2025-10,62
155,TB Screening,2025-09,64
155,TB Screening,2025-08,62
155,Diabetes Screening,2026-01,58
155,Diabetes Screening,2025-12,66
155,Diabetes Screening,2025-11,64
155,Diabetes Screening,2025-10,63
155,Diabetes Screening,2025-09,57
155,Diabetes Screening,2025-08,55
156,Child Vaccination,2026-01,50
156,Child Vaccination,2025-12,68
156,Child Vaccination,2025-11,54
156,Child Vaccination,2025-10,64
156,Child Vaccination,2025-09,68
156,Child Vaccination,2025-08,51
156,TB Screening,2026-01,59
156,TB Screening,2025-12,61
156,TB Screening,2025-11,63
156,TB Screening,2025-10,50
156,TB Screening,2025-09,67
156,TB Screening,2025-08,57
156,Diabetes Screening,2026-01,39
156,Diabetes Screening,2025-12,52
156,Diabetes Screening,2025-11,39
156,Diabetes Screening,2025-10,55
156,Diabetes Screening,2025-09,47
156,Diabetes Screening,2025-08,53
157,Child Vaccination,2026-01,53
157,Child Vaccination,2025-12,60
157,Child Vaccination,2025-11,66
157,Child Vaccination,2025-10,52
157,Child Vaccination,2025-09,54
157,Child Vaccination,2025-08,47
157,TB Screening,2026-01,39
157,TB Screening,2025-12,40
157,TB Screening,2025-11,51
157,TB Screening,2025-10,51
157,TB Screening,2025-09,41
157,TB Screening,2025-08,41
157,Diabetes Screening,2026-01,52
157,Diabetes Screening,2025-12,52
157,Diabetes Screening,2025-11,71
157,Diabetes Screening,2025-10,62
157,Diabetes Screening,2025-09,60
157,Diabetes Screening,2025-08,57
158,Child Vaccination,2026-01,51
158,Child Vaccination,2025-12,53
158,Child Vaccination,2025-11,62
158,Child Vaccination,2025-10,57
158,Child Vaccination,2025-09,44
158,Child Vaccination,2025-08,46
158,TB Screening,2026-01,54
158,TB Screening,2025-12,70
158,TB Screening,2025-11,58
158,TB Screening,2025-10,58
158,TB Screening,2025-09,53
158,TB Screening,2025-08,68
158,Diabetes Screening,2026-01,49
158,Diabetes Screening,2025-12,48
158,Diabetes Screening,2025-11,53
158,Diabetes Screening,2025-10,60
158,Diabetes Screening,2025-09,64
158,Diabetes Screening,2025-08,64
159,Child Vaccination,2026-01,53
159,Child Vaccination,2025-12,46
159,Child Vaccination,2025-11,50
159,Child Vaccination,2025-10,47
159,Child Vaccination,2025-09,43
159,Child Vaccination,2025-08,50
159,TB Screening,2026-01,40
159,TB Screening,2025-12,44
159,TB Screening,2025-11,50
159,TB Screening,2025-10,43
159,TB Screening,2025-09,49
159,TB Screening,2025-08,44
159,Diabetes Screening,2026-01,47
159,Diabetes Screening,2025-12,50
159,Diabetes Screening,2025-11,47
159,Diabetes Screening,2025-10,33
159,Diabetes Screening,2025-09,45
159,Diabetes Screening,2025-08,36
160,Child Vaccination,2026-01,55
160,Child Vaccination,2025-12,50
160,Child Vaccination,2025-11,41
160,Child Vaccination,2025-10,48
160,Child Vaccination,2025-09,47
160,Child Vaccination,2025-08,40
160,TB Screening,2026-01,50
160,TB Screening,2025-12,64
160,TB Screening,2025-11,55
160,TB Screening,2025-10,52
160,TB Screening,2025-09,50
160,TB Screening,2025-08,54
160,Diabetes Screening,2026-01,35
160,Diabetes Screening,2025-12,52
160,Diabetes Screening,2025-11,35
160,Diabetes Screening,2025-10,42
160,Diabetes Screening,2025-09,38
160,Diabetes Screening,2025-08,37
161,Child Vaccination,2026-01,71
161,Child Vaccination,2025-12,71
161,Child Vaccination,2025-11,70
161,Child Vaccination,2025-10,62
161,Child Vaccination,2025-09,67
161,Child Vaccination,2025-08,64
161,TB Screening,2026-01,67
161,TB Screening,2025-12,77
161,TB Screening,2025-11,63
161,TB Screening,2025-10,78
161,TB Screening,2025-09,77
161,TB Screening,2025-08,63
161,Diabetes Screening,2026-01,65
161,Diabetes Screening,2025-12,55
161,Diabetes Screening,2025-11,50
161,Diabetes Screening,2025-10,61
161,Diabetes Screening,2025-09,64
161,Diabetes Screening,2025-08,63
162,Child Vaccination,2026-01,63
162,Child Vaccination,2025-12,75
162,Child Vaccination,2025-11,72
162,Child Vaccination,2025-10,71
162,Child Vaccination,2025-09,65
162,Child Vaccination,2025-08,57
162,TB Screening,2026-01,66
162,TB Screening,2025-12,60
162,TB Screening,2025-11,60
162,TB Screening,2025-10,63
162,TB Screening,2025-09,66
162,TB Screening,2025-08,71
162,Diabetes Screening,2026-01,55
162,Diabetes Screening,2025-12,41
162,Diabetes Screening,2025-11,55
162,Diabetes Screening,2025-10,37
162,Diabetes Screening,2025-09,50
162,Diabetes Screening,2025-08,38
163,Child Vaccination,2026-01,46
163,Child Vaccination,2025-12,47
163,Child Vaccination,2025-11,32
163,Child Vaccination,2025-10,44
163,Child Vaccination,2025-09,47
163,Child Vaccination,2025-08,43
163,TB Screening,2026-01,48
163,TB Screening,2025-12,59
163,TB Screening,2025-11,60
163,TB Screening,2025-10,52
163,TB Screening,2025-09,47
163,TB Screening,2025-08,62
163,Diabetes Screening,2026-01,54
163,Diabetes Screening,2025-12,67
163,Diabetes Screening,2025-11,60
163,Diabetes Screening,2025-10,58
163,Diabetes Screening,2025-09,65
163,Diabetes Screening,2025-08,63
164,Child Vaccination,2026-01,57
164,Child Vaccination,2025-12,39
164,Child Vaccination,2025-11,37
164,Child Vaccination,2025-10,52
164,Child Vaccination,2025-09,46
164,Child Vaccination,2025-08,42
164,TB Screening,2026-01,66
164,TB Screening,2025-12,70
164,TB Screening,2025-11,70
164,TB Screening,2025-10,52
164,TB Screening,2025-09,66
164,TB Screening,2025-08,66
164,Diabetes Screening,2026-01,58
164,Diabetes Screening,2025-12,66
164,Diabetes Screening,2025-11,59
164,Diabetes Screening,2025-10,65
164,Diabetes Screening,2025-09,74
164,Diabetes Screening,2025-08,68
165,Child Vaccination,2026-01,72
165,Child Vaccination,2025-12,52
165,Child Vaccination,2025-11,72
165,Child Vaccination,2025-10,54
165,Child Vaccination,2025-09,64
165,Child Vaccination,2025-08,62
165,TB Screening,2026-01,47
165,TB Screening,2025-12,55
165,TB Screening,2025-11,59
165,TB Screening,2025-10,54
165,TB Screening,2025-09,65
165,TB Screening,2025-08,63
165,Diabetes Screening,2026-01,54
165,Diabetes Screening,2025-12,50
165,Diabetes Screening,2025-11,67
165,Diabetes Screening,2025-10,58
165,Diabetes Screening,2025-09,49
165,Diabetes Screening,2025-08,64
166,Child Vaccination,2026-01,71
166,Child Vaccination,2025-12,61
166,Child Vaccination,2025-11,63
166,Child Vaccination,2025-10,72
166,Child Vaccination,2025-09,71
166,Child Vaccination,2025-08,74
166,TB Screening,2026-01,50
166,TB Screening,2025-12,60
166,TB Screening,2025-11,60
166,TB Screening,2025-10,54
166,TB Screening,2025-09,69
166,TB Screening,2025-08,66
166,Diabetes Screening,2026-01,54
166,Diabetes Screening,2025-12,69
166,Diabetes Screening,2025-11,58
166,Diabetes Screening,2025-10,56
166,Diabetes Screening,2025-09,62
166,Diabetes Screening,2025-08,59
167,Child Vaccination,2026-01,50
167,Child Vaccination,2025-12,67
167,Child Vaccination,2025-11,62
167,Child Vaccination,2025-10,65
167,Child Vaccination,2025-09,53
167,Child Vaccination,2025-08,54
167,TB Screening,2026-01,51
167,TB Screening,2025-12,48
167,TB Screening,2025-11,56
167,TB Screening,2025-10,53
167,TB Screening,2025-09,48
167,TB Screening,2025-08,41
167,Diabetes Screening,2026-01,43
167,Diabetes Screening,2025-12,43
167,Diabetes Screening,2025-11,46
167,Diabetes Screening,2025-10,47
167,Diabetes Screening,2025-09,48
167,Diabetes Screening,2025-08,48
168,Child Vaccination,2026-01,59
168,Child Vaccination,2025-12,71
168,Child Vaccination,2025-11,73
168,Child Vaccination,2025-10,73
168,Child Vaccination,2025-09,65
168,Child Vaccination,2025-08,70
168,TB Screening,2026-01,60
168,TB Screening,2025-12,51
168,TB Screening,2025-11,55
168,TB Screening,2025-10,63
168,TB Screening,2025-09,51
168,TB Screening,2025-08,51
168,Diabetes Screening,2026-01,47
168,Diabetes Screening,2025-12,51
168,Diabetes Screening,2025-11,44
168,Diabetes Screening,2025-10,45
168,Diabetes Screening,2025-09,47
168,Diabetes Screening,2025-08,50
169,Child Vaccination,2026-01,37
169,Child Vaccination,2025-12,48
169,Child Vaccination,2025-11,37
169,Child Vaccination,2025-10,39
169,Child Vaccination,2025-09,49
169,Child Vaccination,2025-08,53
169,TB Screening,2026-01,39
169,TB Screening,2025-12,43
169,TB Screening,2025-11,47
169,TB Screening,2025-10,34
169,TB Screening,2025-09,45
169,TB Screening,2025-08,41
169,Diabetes Screening,2026-01,57
169,Diabetes Screening,2025-12,63
169,Diabetes Screening,2025-11,43
169,Diabetes Screening,2025-10,52
169,Diabetes Screening,2025-09,49
169,Diabetes Screening,2025-08,45
170,Child Vaccination,2026-01,37
170,Child Vaccination,2025-12,46
170,Child Vaccination,2025-11,50
170,Child Vaccination,2025-10,40
170,Child Vaccination,2025-09,43
170,Child Vaccination,2025-08,48
170,TB Screening,2026-01,60
170,TB Screening,2025-12,60
170,TB Screening,2025-11,50
170,TB Screening,2025-10,55
170,TB Screening,2025-09,58
170,TB Screening,2025-08,56
170,Diabetes Screening,2026-01,73
170,Diabetes Screening,2025-12,70
170,Diabetes Screening,2025-11,70
170,Diabetes Screening,2025-10,65
170,Diabetes Screening,2025-09,74
170,Diabetes Screening,2025-08,60
171,Child Vaccination,2026-01,67
171,Child Vaccination,2025-12,63
171,Child Vaccination,2025-11,66
171,Child Vaccination,2025-10,65
171,Child Vaccination,2025-09,73
171,Child Vaccination,2025-08,69
171,TB Screening,2026-01,40
171,TB Screening,2025-12,43
171,TB Screening,2025-11,50
171,TB Screening,2025-10,48
171,TB Screening,2025-09,53
171,TB Screening,2025-08,44
171,Diabetes Screening,2026-01,54
171,Diabetes Screening,2025-12,66
171,Diabetes Screening,2025-11,58
171,Diabetes Screening,2025-10,54
171,Diabetes Screening,2025-09,54
171,Diabetes Screening,2025-08,53
172,Child Vaccination,2026-01,42
172,Child Vaccination,2025-12,38
172,Child Vaccination,2025-11,36
172,Child Vaccination,2025-10,45
172,Child Vaccination,2025-09,53
172,Child Vaccination,2025-08,39
172,TB Screening,2026-01,52
172,TB Screening,2025-12,55
172,TB Screening,2025-11,49
172,TB Screening,2025-10,50
172,TB Screening,2025-09,61
172,TB Screening,2025-08,45
172,Diabetes Screening,2026-01,61
172,Diabetes Screening,2025-12,62
172,Diabetes Screening,2025-11,55
172,Diabetes Screening,2025-10,62
172,Diabetes Screening,2025-09,65
172,Diabetes Screening,2025-08,68
173,Child Vaccination,2026-01,52
173,Child Vaccination,2025-12,44
173,Child Vaccination,2025-11,38
173,Child Vaccination,2025-10,35
173,Child Vaccination,2025-09,47
173,Child Vaccination,2025-08,50
173,TB Screening,2026-01,58
173,TB Screening,2025-12,68
173,TB Screening,2025-11,64
173,TB Screening,2025-10,58
173,TB Screening,2025-09,54
173,TB Screening,2025-08,71
173,Diabetes Screening,2026-01,56
173,Diabetes Screening,2025-12,66
173,Diabetes Screening,2025-11,55
173,Diabetes Screening,2025-10,61
173,Diabetes Screening,2025-09,55
173,Diabetes Screening,2025-08,64
174,Child Vaccination,2026-01,55
174,Child Vaccination,2025-12,69
174,Child Vaccination,2025-11,65
174,Child Vaccination,2025-10,61
174,Child Vaccination,2025-09,54
174,Child Vaccination,2025-08,66
174,TB Screening,2026-01,59
174,TB Screening,2025-12,62
174,TB Screening,2025-11,75
174,TB Screening,2025-10,61
174,TB Screening,2025-09,67
174,TB Screening,2025-08,58
174,Diabetes Screening,2026-01,61
174,Diabetes Screening,2025-12,49
174,Diabetes Screening,2025-11,56
174,Diabetes Screening,2025-10,53
174,Diabetes Screening,2025-09,44
174,Diabetes Screening,2025-08,52
175,Child Vaccination,2026-01,50
175,Child Vaccination,2025-12,51
175,Child Vaccination,2025-11,37
175,Child Vaccination,2025-10,49
175,Child Vaccination,2025-09,47
175,Child Vaccination,2025-08,38
175,TB Screening,2026-01,63
175,TB Screening,2025-12,61
175,TB Screening,2025-11,55
175,TB Screening,2025-10,57
175,TB Screening,2025-09,72
175,TB Screening,2025-08,69
175,Diabetes Screening,2026-01,53
175,Diabetes Screening,2025-12,67
175,Diabetes Screening,2025-11,63
175,Diabetes Screening,2025-10,57
175,Diabetes Screening,2025-09,66
175,Diabetes Screening,2025-08,61
176,Child Vaccination,2026-01,68
176,Child Vaccination,2025-12,65
176,Child Vaccination,2025-11,50
176,Child Vaccination,2025-10,60
176,Child Vaccination,2025-09,61
176,Child Vaccination,2025-08,53
176,TB Screening,2026-01,65
176,TB Screening,2025-12,63
176,TB Screening,2025-11,64
176,TB Screening,2025-10,63
176,TB Screening,2025-09,52
176,TB Screening,2025-08,61
176,Diabetes Screening,2026-01,52
176,Diabetes Screening,2025-12,50
176,Diabetes Screening,2025-11,55
176,Diabetes Screening,2025-10,58
176,Diabetes Screening,2025-09,43
176,Diabetes Screening,2025-08,47
177,Child Vaccination,2026-01,67
177,Child Vaccination,2025-12,66
177,Child Vaccination,2025-11,67
177,Child Vaccination,2025-10,62
177,Child Vaccination,2025-09,58
177,Child Vaccination,2025-08,66
177,TB Screening,2026-01,66
177,TB Screening,2025-12,57
177,TB Screening,2025-11,71
177,TB Screening,2025-10,72
177,TB Screening,2025-09,55
177,TB Screening,2025-08,57
177,Diabetes Screening,2026-01,45
177,Diabetes Screening,2025-12,51
177,Diabetes Screening,2025-11,52
177,Diabetes Screening,2025-10,46
177,Diabetes Screening,2025-09,38
177,Diabetes Screening,2025-08,54
178,Child Vaccination,2026-01,66
178,Child Vaccination,2025-12,56
178,Child Vaccination,2025-11,54
178,Child Vaccination,2025-10,67
178,Child Vaccination,2025-09,74
178,Child Vaccination,2025-08,62
178,TB Screening,2026-01,48
178,TB Screening,2025-12,60
178,TB Screening,2025-11,57
178,TB Screening,2025-10,61
178,TB Screening,2025-09,47
178,TB Screening,2025-08,49
178,Diabetes Screening,2026-01,47
178,Diabetes Screening,2025-12,44
178,Diabetes Screening,2025-11,52
178,Diabetes Screening,2025-10,50
178,Diabetes Screening,2025-09,36
178,Diabetes Screening,2025-08,44
179,Child Vaccination,2026-01,74
179,Child Vaccination,2025-12,65
179,Child Vaccination,2025-11,71
179,Child Vaccination,2025-10,73
179,Child Vaccination,2025-09,70
179,Child Vaccination,2025-08,63
179,TB Screening,2026-01,30
179,TB Screening,2025-12,34
179,TB Screening,2025-11,38
179,TB Screening,2025-10,39
179,TB Screening,2025-09,50
179,TB Screening,2025-08,50
179,Diabetes Screening,2026-01,48
179,Diabetes Screening,2025-12,65
179,Diabetes Screening,2025-11,54
179,Diabetes Screening,2025-10,58
179,Diabetes Screening,2025-09,50
179,Diabetes Screening,2025-08,60
180,Child Vaccination,2026-01,79
180,Child Vaccination,2025-12,66
180,Child Vaccination,2025-11,59
180,Child Vaccination,2025-10,62
180,Child Vaccination,2025-09,67
180,Child Vaccination,2025-08,74
180,TB Screening,2026-01,51
180,TB Screening,2025-12,43
180,TB Screening,2025-11,50
180,TB Screening,2025-10,47
180,TB Screening,2025-09,50
180,TB Screening,2025-08,45
180,Diabetes Screening,2026-01,65
180,Diabetes Screening,2025-12,77
180,Diabetes Screening,2025-11,72
180,Diabetes Screening,2025-10,60
180,Diabetes Screening,2025-09,68
180,Diabetes Screening,2025-08,73
181,Child Vaccination,2026-01,71
181,Child Vaccination,2025-12,53
181,Child Vaccination,2025-11,61
181,Child Vaccination,2025-10,58
181,Child Vaccination,2025-09,71
181,Child Vaccination,2025-08,54
181,TB Screening,2026-01,44
181,TB Screening,2025-12,48
181,TB Screening,2025-11,38
181,TB Screening,2025-10,45
181,TB Screening,2025-09,39
181,TB Screening,2025-08,35
181,Diabetes Screening,2026-01,49
181,Diabetes Screening,2025-12,51
181,Diabetes Screening,2025-11,58
181,Diabetes Screening,2025-10,49
181,Diabetes Screening,2025-09,39
181,Diabetes Screening,2025-08,47
182,Child Vaccination,2026-01,55
182,Child Vaccination,2025-12,59
182,Child Vaccination,2025-11,41
182,Child Vaccination,2025-10,55
182,Child Vaccination,2025-09,45
182,Child Vaccination,2025-08,59
182,TB Screening,2026-01,38
182,TB Screening,2025-12,54
182,TB Screening,2025-11,40
182,TB Screening,2025-10,52
182,TB Screening,2025-09,45
182,TB Screening,2025-08,45
182,Diabetes Screening,2026-01,65
182,Diabetes Screening,2025-12,64
182,Diabetes Screening,2025-11,67
182,Diabetes Screening,2025-10,59
182,Diabetes Screening,2025-09,73
182,Diabetes Screening,2025-08,74
183,Child Vaccination,2026-01,45
183,Child Vaccination,2025-12,41
183,Child Vaccination,2025-11,45
183,Child Vaccination,2025-10,57
183,Child Vaccination,2025-09,50
183,Child Vaccination,2025-08,52
183,TB Screening,2026-01,69
183,TB Screening,2025-12,67
183,TB Screening,2025-11,64
183,TB Screening,2025-10,59
183,TB Screening,2025-09,57
183,TB Screening,2025-08,60
183,Diabetes Screening,2026-01,50
183,Diabetes Screening,2025-12,41
183,Diabetes Screening,2025-11,40
183,Diabetes Screening,2025-10,51
183,Diabetes Screening,2025-09,53
183,Diabetes Screening,2025-08,50
184,Child Vaccination,2026-01,74
184,Child Vaccination,2025-12,74
184,Child Vaccination,2025-11,60
184,Child Vaccination,2025-10,70
184,Child Vaccination,2025-09,71
184,Child Vaccination,2025-08,59
184,TB Screening,2026-01,37
184,TB Screening,2025-12,33
184,TB Screening,2025-11,48
184,TB Screening,2025-10,44
184,TB Screening,2025-09,42
184,TB Screening,2025-08,44
184,Diabetes Screening,2026-01,48
184,Diabetes Screening,2025-12,53
184,Diabetes Screening,2025-11,50
184,Diabetes Screening,2025-10,44
184,Diabetes Screening,2025-09,39
184,Diabetes Screening,2025-08,43
185,Child Vaccination,2026-01,33
185,Child Vaccination,2025-12,37
185,Child Vaccination,2025-11,34
185,Child Vaccination,2025-10,34
185,Child Vaccination,2025-09,37
185,Child Vaccination,2025-08,39
185,TB Screening,2026-01,40
185,TB Screening,2025-12,38
185,TB Screening,2025-11,36
185,TB Screening,2025-10,47
185,TB Screening,2025-09,37
185,TB Screening,2025-08,36
185,Diabetes Screening,2026-01,45
185,Diabetes Screening,2025-12,43
185,Diabetes Screening,2025-11,31
185,Diabetes Screening,2025-10,36
185,Diabetes Screening,2025-09,33
185,Diabetes Screening,2025-08,31
186,Child Vaccination,2026-01,71
186,Child Vaccination,2025-12,73
186,Child Vaccination,2025-11,56
186,Child Vaccination,2025-10,70
186,Child Vaccination,2025-09,58
186,Child Vaccination,2025-08,63
186,TB Screening,2026-01,33
186,TB Screening,2025-12,40
186,TB Screening,2025-11,31
186,TB Screening,2025-10,34
186,TB Screening,2025-09,34
186,TB Screening,2025-08,50
186,Diabetes Screening,2026-01,54
186,Diabetes Screening,2025-12,42
186,Diabetes Screening,2025-11,41
186,Diabetes Screening,2025-10,47
186,Diabetes Screening,2025-09,36
186,Diabetes Screening,2025-08,38
187,Child Vaccination,2026-01,42
187,Child Vaccination,2025-12,52
187,Child Vaccination,2025-11,45
187,Child Vaccination,2025-10,45
187,Child Vaccination,2025-09,39
187,Child Vaccination,2025-08,50
187,TB Screening,2026-01,73
187,TB Screening,2025-12,61
187,TB Screening,2025-11,70
187,TB Screening,2025-10,72
187,TB Screening,2025-09,56
187,TB Screening,2025-08,57
187,Diabetes Screening,2026-01,74
187,Diabetes Screening,2025-12,56
187,Diabetes Screening,2025-11,72
187,Diabetes Screening,2025-10,62
187,Diabetes Screening,2025-09,62
187,Diabetes Screening,2025-08,65
188,Child Vaccination,2026-01,52
188,Child Vaccination,2025-12,35
188,Child Vaccination,2025-11,38
188,Child Vaccination,2025-10,41
188,Child Vaccination,2025-09,51
188,Child Vaccination,2025-08,50
188,TB Screening,2026-01,59
188,TB Screening,2025-12,46
188,TB Screening,2025-11,55
188,TB Screening,2025-10,44
188,TB Screening,2025-09,46
188,TB Screening,2025-08,52
188,Diabetes Screening,2026-01,55
188,Diabetes Screening,2025-12,48
188,Diabetes Screening,2025-11,58
188,Diabetes Screening,2025-10,49
188,Diabetes Screening,2025-09,55
188,Diabetes Screening,2025-08,45
189,Child Vaccination,2026-01,64
189,Child Vaccination,2025-12,57
189,Child Vaccination,2025-11,68
189,Child Vaccination,2025-10,57
189,Child Vaccination,2025-09,70
189,Child Vaccination,2025-08,58
189,TB Screening,2026-01,56
189,TB Screening,2025-12,54
189,TB Screening,2025-11,62
189,TB Screening,2025-10,46
189,TB Screening,2025-09,47
189,TB Screening,2025-08,55
189,Diabetes Screening,2026-01,48
189,Diabetes Screening,2025-12,57
189,Diabetes Screening,2025-11,54
189,Diabetes Screening,2025-10,59
189,Diabetes Screening,2025-09,64
189,Diabetes Screening,2025-08,54
190,Child Vaccination,2026-01,65
190,Child Vaccination,2025-12,58
190,Child Vaccination,2025-11,68
190,Child Vaccination,2025-10,64
190,Child Vaccination,2025-09,60
190,Child Vaccination,2025-08,64
190,TB Screening,2026-01,38
190,TB Screening,2025-12,51
190,TB Screening,2025-11,47
190,TB Screening,2025-10,41
190,TB Screening,2025-09,36
190,TB Screening,2025-08,51
190,Diabetes Screening,2026-01,54
190,Diabetes Screening,2025-12,63
190,Diabetes Screening,2025-11,65
190,Diabetes Screening,2025-10,67
190,Diabetes Screening,2025-09,53
190,Diabetes Screening,2025-08,54
191,Child Vaccination,2026-01,46
191,Child Vaccination,2025-12,46
191,Child Vaccination,2025-11,52
191,Child Vaccination,2025-10,37
191,Child Vaccination,2025-09,39
191,Child Vaccination,2025-08,36
191,TB Screening,2026-01,47
191,TB Screening,2025-12,51
191,TB Screening,2025-11,47
191,TB Screening,2025-10,60
191,TB Screening,2025-09,53
191,TB Screening,2025-08,44
191,Diabetes Screening,2026-01,50
191,Diabetes Screening,2025-12,52
191,Diabetes Screening,2025-11,45
191,Diabetes Screening,2025-10,55
191,Diabetes Screening,2025-09,55
191,Diabetes Screening,2025-08,45
192,Child Vaccination,2026-01,74
192,Child Vaccination,2025-12,66
192,Child Vaccination,2025-11,65
192,Child Vaccination,2025-10,69
192,Child Vaccination,2025-09,73
192,Child Vaccination,2025-08,66
192,TB Screening,2026-01,61
192,TB Screening,2025-12,53
192,TB Screening,2025-11,49
192,TB Screening,2025-10,59
192,TB Screening,2025-09,48
192,TB Screening,2025-08,48
192,Diabetes Screening,2026-01,53
192,Diabetes Screening,2025-12,53
192,Diabetes Screening,2025-11,45
192,Diabetes Screening,2025-10,58
192,Diabetes Screening,2025-09,42
192,Diabetes Screening,2025-08,38
193,Child Vaccination,2026-01,34
193,Child Vaccination,2025-12,35
193,Child Vaccination,2025-11,48
193,Child Vaccination,2025-10,33
193,Child Vaccination,2025-09,38
193,Child Vaccination,2025-08,45
193,TB Screening,2026-01,59
193,TB Screening,2025-12,53
193,TB Screening,2025-11,58
193,TB Screening,2025-10,68
193,TB Screening,2025-09,68
193,TB Screening,2025-08,52
193,Diabetes Screening,2026-01,56
193,Diabetes Screening,2025-12,70
193,Diabetes Screening,2025-11,69
193,Diabetes Screening,2025-10,68
193,Diabetes Screening,2025-09,60
193,Diabetes Screening,2025-08,63
194,Child Vaccination,2026-01,66
194,Child Vaccination,2025-12,66
194,Child Vaccination,2025-11,67
194,Child Vaccination,2025-10,59
194,Child Vaccination,2025-09,68
194,Child Vaccination,2025-08,61
194,TB Screening,2026-01,72
194,TB Screening,2025-12,72
194,TB Screening,2025-11,55
194,TB Screening,2025-10,56
194,TB Screening,2025-09,68
194,TB Screening,2025-08,58
194,Diabetes Screening,2026-01,56
194,Diabetes Screening,2025-12,52
194,Diabetes Screening,2025-11,54
194,Diabetes Screening,2025-10,56
194,Diabetes Screening,2025-09,56
194,Diabetes Screening,2025-08,43
195,Child Vaccination,2026-01,36
195,Child Vaccination,2025-12,48
195,Child Vaccination,2025-11,40
195,Child Vaccination,2025-10,36
195,Child Vaccination,2025-09,46
195,Child Vaccination,2025-08,44
195,TB Screening,2026-01,43
195,TB Screening,2025-12,46
195,TB Screening,2025-11,49
195,TB Screening,2025-10,37
195,TB Screening,2025-09,52
195,TB Screening,2025-08,49
195,Diabetes Screening,2026-01,68
195,Diabetes Screening,2025-12,68
195,Diabetes Screening,2025-11,69
195,Diabetes Screening,2025-10,66
195,Diabetes Screening,2025-09,66
195,Diabetes Screening,2025-08,68
196,Child Vaccination,2026-01,62
196,Child Vaccination,2025-12,73
196,Child Vaccination,2025-11,58
196,Child Vaccination,2025-10,69
196,Child Vaccination,2025-09,65
196,Child Vaccination,2025-08,72
196,TB Screening,2026-01,60
196,TB Screening,2025-12,67
196,TB Screening,2025-11,59
196,TB Screening,2025-10,57
196,TB Screening,2025-09,58
196,TB Screening,2025-08,49
196,Diabetes Screening,2026-01,48
196,Diabetes Screening,2025-12,31
196,Diabetes Screening,2025-11,34
196,Diabetes Screening,2025-10,41
196,Diabetes Screening,2025-09,41
196,Diabetes Screening,2025-08,48
197,Child Vaccination,2026-01,50
197,Child Vaccination,2025-12,40
197,Child Vaccination,2025-11,42
197,Child Vaccination,2025-10,33
197,Child Vaccination,2025-09,43
197,Child Vaccination,2025-08,41
197,TB Screening,2026-01,54
197,TB Screening,2025-12,52
197,TB Screening,2025-11,42
197,TB Screening,2025-10,48
197,TB Screening,2025-09,48
197,TB Screening,2025-08,48
197,Diabetes Screening,2026-01,59
197,Diabetes Screening,2025-12,68
197,Diabetes Screening,2025-11,52
197,Diabetes Screening,2025-10,52
197,Diabetes Screening,2025-09,59
197,Diabetes Screening,2025-08,53
198,Child Vaccination,2026-01,45
198,Child Vaccination,2025-12,40
198,Child Vaccination,2025-11,57
198,Child Vaccination,2025-10,50
198,Child Vaccination,2025-09,41
198,Child Vaccination,2025-08,54
198,TB Screening,2026-01,64
198,TB Screening,2025-12,69
198,TB Screening,2025-11,67
198,TB Screening,2025-10,64
198,TB Screening,2025-09,59
198,TB Screening,2025-08,51
198,Diabetes Screening,2026-01,67
198,Diabetes Screening,2025-12,70
198,Diabetes Screening,2025-11,52
198,Diabetes Screening,2025-10,62
198,Diabetes Screening,2025-09,64
198,Diabetes Screening,2025-08,70
199,Child Vaccination,2026-01,52
199,Child Vaccination,2025-12,60
199,Child Vaccination,2025-11,45
199,Child Vaccination,2025-10,57
199,Child Vaccination,2025-09,45
199,Child Vaccination,2025-08,48
199,TB Screening,2026-01,55
199,TB Screening,2025-12,56
199,TB Screening,2025-11,50
199,TB Screening,2025-10,45
199,TB Screening,2025-09,59
199,TB Screening,2025-08,49
199,Diabetes Screening,2026-01,54
199,Diabetes Screening,2025-12,47
199,Diabetes Screening,2025-11,56
199,Diabetes Screening,2025-10,61
199,Diabetes Screening,2025-09,43
199,Diabetes Screening,2025-08,58
200,Child Vaccination,2026-01,45
200,Child Vaccination,2025-12,44
200,Child Vaccination,2025-11,37
200,Child Vaccination,2025-10,45
200,Child Vaccination,2025-09,54
200,Child Vaccination,2025-08,48
200,TB Screening,2026-01,62
200,TB Screening,2025-12,74
200,TB Screening,2025-11,57
200,TB Screening,2025-10,73
200,TB Screening,2025-09,58
200,TB Screening,2025-08,73
200,Diabetes Screening,2026-01,48
200,Diabetes Screening,2025-12,42
200,Diabetes Screening,2025-11,58
200,Diabetes Screening,2025-10,56
200,Diabetes Screening,2025-09,55
200,Diabetes Screening,2025-08,53
201,Child Vaccination,2026-01,47
201,Child Vaccination,2025-12,38
201,Child Vaccination,2025-11,56
201,Child Vaccination,2025-10,45
201,Child Vaccination,2025-09,52
201,Child Vaccination,2025-08,45
201,TB Screening,2026-01,60
201,TB Screening,2025-12,53
201,TB Screening,2025-11,49
201,TB Screening,2025-10,56
201,TB Screening,2025-09,55
201,TB Screening,2025-08,51
201,Diabetes Screening,2026-01,65
201,Diabetes Screening,2025-12,63
201,Diabetes Screening,2025-11,66
201,Diabetes Screening,2025-10,54
201,Diabetes Screening,2025-09,49
201,Diabetes Screening,2025-08,69
202,Child Vaccination,2026-01,68
202,Child Vaccination,2025-12,57
202,Child Vaccination,2025-11,70
202,Child Vaccination,2025-10,67
202,Child Vaccination,2025-09,58
202,Child Vaccination,2025-08,66
202,TB Screening,2026-01,58
202,TB Screening,2025-12,55
202,TB Screening,2025-11,57
202,TB Screening,2025-10,51
202,TB Screening,2025-09,56
202,TB Screening,2025-08,58
202,Diabetes Screening,2026-01,47
202,Diabetes Screening,2025-12,37
202,Diabetes Screening,2025-11,42
202,Diabetes Screening,2025-10,45
202,Diabetes Screening,2025-09,35
202,Diabetes Screening,2025-08,38
203,Child Vaccination,2026-01,43
203,Child Vaccination,2025-12,47
203,Child Vaccination,2025-11,47
203,Child Vaccination,2025-10,44
203,Child Vaccination,2025-09,36
203,Child Vaccination,2025-08,54
203,TB Screening,2026-01,49
203,TB Screening,2025-12,44
203,TB Screening,2025-11,45
203,TB Screening,2025-10,56
203,TB Screening,2025-09,41
203,TB Screening,2025-08,44
203,Diabetes Screening,2026-01,70
203,Diabetes Screening,2025-12,58
203,Diabetes Screening,2025-11,63
203,Diabetes Screening,2025-10,58
203,Diabetes Screening,2025-09,54
203,Diabetes Screening,2025-08,55
204,Child Vaccination,2026-01,36
204,Child Vaccination,2025-12,43
204,Child Vaccination,2025-11,45
204,Child Vaccination,2025-10,50
204,Child Vaccination,2025-09,51
204,Child Vaccination,2025-08,53
204,TB Screening,2026-01,56
204,TB Screening,2025-12,63
204,TB Screening,2025-11,44
204,TB Screening,2025-10,49
204,TB Screening,2025-09,48
204,TB Screening,2025-08,51
204,Diabetes Screening,2026-01,34
204,Diabetes Screening,2025-12,42
204,Diabetes Screening,2025-11,42
204,Diabetes Screening,2025-10,51
204,Diabetes Screening,2025-09,39
204,Diabetes Screening,2025-08,54
205,Child Vaccination,2026-01,58
205,Child Vaccination,2025-12,72
205,Child Vaccination,2025-11,57
205,Child Vaccination,2025-10,58
205,Child Vaccination,2025-09,59
205,Child Vaccination,2025-08,67
205,TB Screening,2026-01,58
205,TB Screening,2025-12,51
205,TB Screening,2025-11,62
205,TB Screening,2025-10,60
205,TB Screening,2025-09,51
205,TB Screening,2025-08,61
205,Diabetes Screening,2026-01,64
205,Diabetes Screening,2025-12,67
205,Diabetes Screening,2025-11,63
205,Diabetes Screening,2025-10,78
205,Diabetes Screening,2025-09,76
205,Diabetes Screening,2025-08,63
206,Child Vaccination,2026-01,64
206,Child Vaccination,2025-12,62
206,Child Vaccination,2025-11,54
206,Child Vaccination,2025-10,61
206,Child Vaccination,2025-09,48
206,Child Vaccination,2025-08,53
206,TB Screening,2026-01,52
206,TB Screening,2025-12,59
206,TB Screening,2025-11,59
206,TB Screening,2025-10,67
206,TB Screening,2025-09,61
206,TB Screening,2025-08,56
206,Diabetes Screening,2026-01,72
206,Diabetes Screening,2025-12,65
206,Diabetes Screening,2025-11,63
206,Diabetes Screening,2025-10,62
206,Diabetes Screening,2025-09,64
206,Diabetes Screening,2025-08,65
207,Child Vaccination,2026-01,52
207,Child Vaccination,2025-12,51
207,Child Vaccination,2025-11,46
207,Child Vaccination,2025-10,56
207,Child Vaccination,2025-09,39
207,Child Vaccination,2025-08,53
207,TB Screening,2026-01,58
207,TB Screening,2025-12,50
207,TB Screening,2025-11,57
207,TB Screening,2025-10,64
207,TB Screening,2025-09,60
207,TB Screening,2025-08,62
207,Diabetes Screening,2026-01,58
207,Diabetes Screening,2025-12,59
207,Diabetes Screening,2025-11,55
207,Diabetes Screening,2025-10,62
207,Diabetes Screening,2025-09,66
207,Diabetes Screening,2025-08,62
208,Child Vaccination,2026-01,65
208,Child Vaccination,2025-12,56
208,Child Vaccination,2025-11,76
208,Child Vaccination,2025-10,75
208,Child Vaccination,2025-09,57
208,Child Vaccination,2025-08,57
208,TB Screening,2026-01,59
208,TB Screening,2025-12,60
208,TB Screening,2025-11,69
208,TB Screening,2025-10,64
208,TB Screening,2025-09,61
208,TB Screening,2025-08,72
208,Diabetes Screening,2026-01,71
208,Diabetes Screening,2025-12,63
208,Diabetes Screening,2025-11,77
208,Diabetes Screening,2025-10,67
208,Diabetes Screening,2025-09,74
208,Diabetes Screening,2025-08,72
209,Child Vaccination,2026-01,42
209,Child Vaccination,2025-12,38
209,Child Vaccination,2025-11,39
209,Child Vaccination,2025-10,32
209,Child Vaccination,2025-09,37
209,Child Vaccination,2025-08,39
209,TB Screening,2026-01,41
209,TB Screening,2025-12,50
209,TB Screening,2025-11,56
209,TB Screening,2025-10,46
209,TB Screening,2025-09,56
209,TB Screening,2025-08,49
209,Diabetes Screening,2026-01,56
209,Diabetes Screening,2025-12,63
209,Diabetes Screening,2025-11,57
209,Diabetes Screening,2025-10,70
209,Diabetes Screening,2025-09,70
209,Diabetes Screening,2025-08,68
210,Child Vaccination,2026-01,69
210,Child Vaccination,2025-12,72
210,Child Vaccination,2025-11,62
210,Child Vaccination,2025-10,64
210,Child Vaccination,2025-09,67
210,Child Vaccination,2025-08,75
210,TB Screening,2026-01,43
210,TB Screening,2025-12,45
210,TB Screening,2025-11,51
210,TB Screening,2025-10,49
210,TB Screening,2025-09,42
210,TB Screening,2025-08,46
210,Diabetes Screening,2026-01,52
210,Diabetes Screening,2025-12,53
210,Diabetes Screening,2025-11,72
210,Diabetes Screening,2025-10,72
210,Diabetes Screening,2025-09,57
210,Diabetes Screening,2025-08,72
