country,state,district,block,area_name,area_type,latitude,longitude,population,scheme_name,scheme_type,min_age,max_age,eligible_population,covered_population,missed_population,coverage_percent_calc,gap_percent,gap_category,priority_score,priority_rank,risk_level,trend_direction,risk_index
India,Uttar Pradesh,Prayagraj,Block-2,Prayagraj-Area-1,Ward,11.0059,84.831,4812,Child Vaccination,Vaccine,0,5,2563,2165,398,84.47132266874756,15.528677331252439,Low,10.990887589069777,512.0,Low,Decreasing,7.88515212281929
India,Uttar Pradesh,Prayagraj,Block-2,Prayagraj-Area-1,Ward,11.0059,84.831,4812,TB Screening,Screening,18,80,1925,1266,659,65.76623376623377,34.23376623376623,Medium,24.08444982082943,280.0,Medium,Decreasing,17.237696574076185
India,Uttar Pradesh,Prayagraj,Block-2,Prayagraj-Area-1,Ward,11.0059,84.831,4812,Diabetes Screening,Screening,30,80,1915,1645,270,85.90078328981723,14.099216710182768,Low,9.990265154321008,526.0,Low,Increasing,7.170421812284454
India,Uttar Pradesh,Prayagraj,Block-3,Prayagraj-Area-2,Village,11.7675,72.0499,9735,Child Vaccination,Vaccine,0,5,2668,1606,1062,60.194902548725636,39.805097451274364,Medium,28.107981974365565,221.0,Medium,Increasing,20.146962484110695
India,Uttar Pradesh,Prayagraj,Block-3,Prayagraj-Area-2,Village,11.7675,72.0499,9735,TB Screening,Screening,18,80,2550,2348,202,92.07843137254902,7.92156862745098,Low,5.789511797689197,591.0,Low,Increasing,4.2051980721990025
India,Uttar Pradesh,Prayagraj,Block-3,Prayagraj-Area-2,Village,11.7675,72.0499,9735,Diabetes Screening,Screening,30,80,3695,3478,217,94.12719891745603,5.872801082543979,Low,4.355374516254297,617.0,Low,Stable,3.180814299745502
India,Uttar Pradesh,Prayagraj,Block-4,Prayagraj-Area-3,Village,23.9433,70.6357,2335,Child Vaccination,Vaccine,0,5,809,529,280,65.389369592089,34.610630407911,Medium,24.28606543818646,274.0,Medium,Increasing,17.36393935660426
India,Uttar Pradesh,Prayagraj,Block-4,Prayagraj-Area-3,Village,23.9433,70.6357,2335,TB Screening,Screening,18,80,759,421,338,55.467720685111985,44.532279314888015,High,31.231219673070367,158.0,High,Increasing,22.324763810092765
India,Uttar Pradesh,Prayagraj,Block-4,Prayagraj-Area-3,Village,23.9433,70.6357,2335,Diabetes Screening,Screening,30,80,647,394,253,60.89644513137558,39.10355486862442,Medium,27.43111256068585,232.0,Medium,Decreasing,19.61040158696097
India,Uttar Pradesh,Prayagraj,Block-5,Prayagraj-Area-4,Village,14.2818,82.0404,9995,Child Vaccination,Vaccine,0,5,5383,3714,1669,68.99498420954858,31.005015790451424,Medium,21.954452554696864,320.0,Medium,Stable,15.75344939660658
India,Uttar Pradesh,Prayagraj,Block-5,Prayagraj-Area-4,Village,14.2818,82.0404,9995,TB Screening,Screening,18,80,5005,4661,344,93.12687312687312,6.873126873126874,Low,5.06213031256968,602.0,Low,Decreasing,3.687504937944306
India,Uttar Pradesh,Prayagraj,Block-5,Prayagraj-Area-4,Village,14.2818,82.0404,9995,Diabetes Screening,Screening,30,80,4223,3586,637,84.91593653800615,15.084063461993843,Low,10.809785924776557,516.0,Low,Increasing,7.79297323237779
India,Uttar Pradesh,Prayagraj,Block-1,Prayagraj-Area-5,Village,27.3325,84.0265,7673,Child Vaccination,Vaccine,0,5,4106,3451,655,84.04773502191915,15.952264978080857,Low,11.359229220534077,504.0,Low,Increasing,8.168776224917908
India,Uttar Pradesh,Prayagraj,Block-1,Prayagraj-Area-5,Village,27.3325,84.0265,7673,TB Screening,Screening,18,80,4219,2008,2211,47.594216639013986,52.405783360986014,High,36.87669208856769,81.0,High,Decreasing,26.395535416370485
India,Uttar Pradesh,Prayagraj,Block-1,Prayagraj-Area-5,Village,27.3325,84.0265,7673,Diabetes Screening,Screening,30,80,3465,1862,1603,53.73737373737374,46.26262626262626,High,32.57648211971586,140.0,High,Decreasing,23.32395686719061
India,Uttar Pradesh,Prayagraj,Block-2,Prayagraj-Area-6,Village,20.1286,75.5638,906,Child Vaccination,Vaccine,0,5,299,225,74,75.25083612040135,24.74916387959866,Medium,17.34716138908085,401.0,Low,Increasing,12.397328613161118
India,Uttar Pradesh,Prayagraj,Block-2,Prayagraj-Area-6,Village,20.1286,75.5638,906,TB Screening,Screening,18,80,237,208,29,87.76371308016878,12.236286919831224,Low,8.588147517243645,546.0,Low,Decreasing,6.1408901332773995
India,Uttar Pradesh,Prayagraj,Block-2,Prayagraj-Area-6,Village,20.1286,75.5638,906,Diabetes Screening,Screening,30,80,432,304,128,70.37037037037037,29.629629629629626,Medium,20.763487414102524,349.0,Medium,Increasing,14.8375614881766
India,Uttar Pradesh,Prayagraj,Block-3,Prayagraj-Area-7,Village,26.8498,76.805,3347,Child Vaccination,Vaccine,0,5,1309,597,712,45.60733384262796,54.39266615737204,High,38.15889844674089,59.0,High,Increasing,27.28036521526649
India,Uttar Pradesh,Prayagraj,Block-3,Prayagraj-Area-7,Village,26.8498,76.805,3347,TB Screening,Screening,18,80,1490,1289,201,86.51006711409396,13.48993288590604,Low,9.526985156714694,534.0,Low,Decreasing,6.828998579533486
India,Uttar Pradesh,Prayagraj,Block-3,Prayagraj-Area-7,Village,26.8498,76.805,3347,Diabetes Screening,Screening,30,80,1756,1524,232,86.78815489749431,13.211845102505695,Low,9.332323708334453,538.0,Low,Increasing,6.689954687833314
India,Uttar Pradesh,Prayagraj,Block-4,Prayagraj-Area-8,Village,33.8448,76.7319,2319,Child Vaccination,Vaccine,0,5,706,393,313,55.6657223796034,44.3342776203966,High,31.092216779670537,162.0,High,Decreasing,22.22536125559122
India,Uttar Pradesh,Prayagraj,Block-4,Prayagraj-Area-8,Village,33.8448,76.7319,2319,TB Screening,Screening,18,80,986,808,178,81.94726166328601,18.052738336713997,Low,12.695139281092716,479.0,Low,Stable,9.084591613749918
India,Uttar Pradesh,Prayagraj,Block-4,Prayagraj-Area-8,Village,33.8448,76.7319,2319,Diabetes Screening,Screening,30,80,1021,561,460,54.94613124387855,45.05386875612145,High,31.595930574677936,154.0,High,Decreasing,22.585156823453648
India,Uttar Pradesh,Prayagraj,Block-5,Prayagraj-Area-9,Town,10.6113,86.9499,10691,Child Vaccination,Vaccine,0,5,4249,3815,434,89.78583196046128,10.214168039538714,Low,7.418333394686892,561.0,Low,Increasing,5.375499786779149
India,Uttar Pradesh,Prayagraj,Block-5,Prayagraj-Area-9,Town,10.6113,86.9499,10691,TB Screening,Screening,18,80,2965,1426,1539,48.09443507588533,51.905564924114664,High,36.602311213890054,88.0,High,Increasing,26.221198229067124
India,Uttar Pradesh,Prayagraj,Block-5,Prayagraj-Area-9,Town,10.6113,86.9499,10691,Diabetes Screening,Screening,30,80,3788,2426,1362,64.04435058078141,35.95564941921858,Medium,25.437370360462797,257.0,Medium,Decreasing,18.246240476619082
India,Uttar Pradesh,Prayagraj,Block-1,Prayagraj-Area-10,Town,29.7925,84.5946,9585,Child Vaccination,Vaccine,0,5,3354,3087,267,92.03935599284436,7.960644007155635,Low,5.813098557958981,590.0,Low,Decreasing,4.220969756527855
India,Uttar Pradesh,Prayagraj,Block-1,Prayagraj-Area-10,Town,29.7925,84.5946,9585,TB Screening,Screening,18,80,4323,2257,2066,52.209114041175106,47.790885958824894,High,33.694267924127466,125.0,High,Increasing,24.136090732362486
India,Uttar Pradesh,Prayagraj,Block-1,Prayagraj-Area-10,Town,29.7925,84.5946,9585,Diabetes Screening,Screening,30,80,4862,3151,1711,64.80872069107363,35.19127930892637,Medium,24.874543269198497,264.0,Medium,Decreasing,17.836287407413224
India,Uttar Pradesh,Prayagraj,Block-2,Prayagraj-Area-11,Village,34.2741,77.5707,9844,Child Vaccination,Vaccine,0,5,3434,2033,1401,59.202096680256254,40.79790331974374,High,28.80568271297452,212.0,High,Decreasing,20.646102049025775
India,Uttar Pradesh,Prayagraj,Block-2,Prayagraj-Area-11,Village,34.2741,77.5707,9844,TB Screening,Screening,18,80,4509,1869,2640,41.45043246839654,58.549567531603465,High,41.231847661276326,10.0,Critical,Increasing,29.521934154955638
India,Uttar Pradesh,Prayagraj,Block-2,Prayagraj-Area-11,Village,34.2741,77.5707,9844,Diabetes Screening,Screening,30,80,3312,1421,1891,42.90458937198068,57.09541062801933,High,40.21393782876743,29.0,Critical,Decreasing,28.79485570316357
India,Uttar Pradesh,Prayagraj,Block-3,Prayagraj-Area-12,Town,30.3939,82.3704,6725,Child Vaccination,Vaccine,0,5,3588,2425,1163,67.58639910813824,32.41360089186176,Medium,22.85836320527235,300.0,Medium,Increasing,16.3756430269
India,Uttar Pradesh,Prayagraj,Block-3,Prayagraj-Area-12,Town,30.3939,82.3704,6725,TB Screening,Screening,18,80,3322,1759,1563,52.95003010234798,47.04996989765202,High,33.103821509325535,130.0,High,Decreasing,23.69382752979513
India,Uttar Pradesh,Prayagraj,Block-3,Prayagraj-Area-12,Town,30.3939,82.3704,6725,Diabetes Screening,Screening,30,80,2791,2643,148,94.69724113221068,5.302758867789323,Low,3.8807737884216444,626.0,Low,Increasing,2.82022201486378
India,Uttar Pradesh,Prayagraj,Block-4,Prayagraj-Area-13,Ward,13.1918,71.3911,11634,Child Vaccination,Vaccine,0,5,4495,2724,1771,60.60066740823137,39.39933259176863,Medium,27.871624202638746,227.0,Medium,Decreasing,19.99175768428502
India,Uttar Pradesh,Prayagraj,Block-4,Prayagraj-Area-13,Ward,13.1918,71.3911,11634,TB Screening,Screening,18,80,4006,1664,2342,41.537693459810285,58.462306540189715,High,41.215705966533505,11.0,Critical,Increasing,29.52324465849556
India,Uttar Pradesh,Prayagraj,Block-4,Prayagraj-Area-13,Ward,13.1918,71.3911,11634,Diabetes Screening,Screening,30,80,4036,3680,356,91.17938553022795,8.820614469772051,Low,6.466521517241138,574.0,Low,Stable,4.7023986232867285
India,Uttar Pradesh,Prayagraj,Block-5,Prayagraj-Area-14,Village,28.8728,89.7044,4614,Child Vaccination,Vaccine,0,5,2496,2150,346,86.13782051282051,13.862179487179487,Low,9.819367970927724,529.0,Low,Increasing,7.046932073491828
India,Uttar Pradesh,Prayagraj,Block-5,Prayagraj-Area-14,Village,28.8728,89.7044,4614,TB Screening,Screening,18,80,1712,1296,416,75.70093457943925,24.299065420560748,Medium,17.125188124294606,406.0,Low,Increasing,12.265375040182457
India,Uttar Pradesh,Prayagraj,Block-5,Prayagraj-Area-14,Village,28.8728,89.7044,4614,Diabetes Screening,Screening,30,80,1865,1557,308,83.48525469168901,16.514745308310992,Low,11.676164045719776,497.0,Low,Increasing,8.37321498405758
India,Uttar Pradesh,Varanasi,Block-2,Varanasi-Area-1,Village,18.2634,79.0682,6777,Child Vaccination,Vaccine,0,5,3703,1761,1942,47.556035646772884,52.443964353227116,High,36.88092317680957,80.0,High,Increasing,26.392130306164148
India,Uttar Pradesh,Varanasi,Block-2,Varanasi-Area-1,Village,18.2634,79.0682,6777,TB Screening,Screening,18,80,3031,1690,1341,55.757175849554606,44.2428241504454,High,31.14012503486237,161.0,High,Stable,22.29156020477329
India,Uttar Pradesh,Varanasi,Block-2,Varanasi-Area-1,Village,18.2634,79.0682,6777,Diabetes Screening,Screening,30,80,2797,2395,402,85.62745799070433,14.372542009295675,Low,10.230927536057562,524.0,Low,Decreasing,7.356419134198427
India,Uttar Pradesh,Varanasi,Block-3,Varanasi-Area-2,Village,17.9949,74.1901,5174,Child Vaccination,Vaccine,0,5,1934,1514,420,78.2833505687694,21.71664943123061,Medium,15.331556685717816,435.0,Low,Increasing,10.988226799471695
India,Uttar Pradesh,Varanasi,Block-3,Varanasi-Area-2,Village,17.9949,74.1901,5174,TB Screening,Screening,18,80,1584,754,830,47.6010101010101,52.3989898989899,High,36.80919501314931,84.0,High,Increasing,26.32939703335134
India,Uttar Pradesh,Varanasi,Block-3,Varanasi-Area-2,Village,17.9949,74.1901,5174,Diabetes Screening,Screening,30,80,1855,1461,394,78.76010781671158,21.239892183288408,Medium,14.997826612158274,440.0,Low,Increasing,10.749848175500594
India,Uttar Pradesh,Varanasi,Block-4,Varanasi-Area-3,Ward,33.2897,82.9607,10780,Child Vaccination,Vaccine,0,5,5141,3324,1817,64.65668157945925,35.343318420540754,Medium,25.01097315799891,261.0,Medium,Increasing,17.942309473890763
India,Uttar Pradesh,Varanasi,Block-4,Varanasi-Area-3,Ward,33.2897,82.9607,10780,TB Screening,Screening,18,80,4717,1900,2817,40.279838880644476,59.72016111935552,High,42.07476304716925,1.0,Critical,Decreasing,30.130730823298144
India,Uttar Pradesh,Varanasi,Block-4,Varanasi-Area-3,Ward,33.2897,82.9607,10780,Diabetes Screening,Screening,30,80,5152,2285,2867,44.351708074534166,55.64829192546584,High,39.224454611446475,46.0,Critical,Increasing,28.094796226353306
India,Uttar Pradesh,Varanasi,Block-5,Varanasi-Area-4,Ward,12.6207,84.5825,3477,Child Vaccination,Vaccine,0,5,1081,584,497,54.024051803885285,45.97594819611471,High,32.27045974531444,146.0,High,Stable,23.075270106091498
India,Uttar Pradesh,Varanasi,Block-5,Varanasi-Area-4,Ward,12.6207,84.5825,3477,TB Screening,Screening,18,80,1442,1239,203,85.92233009708737,14.077669902912621,Low,9.941664940072979,527.0,Low,Decreasing,7.126130959490456
India,Uttar Pradesh,Varanasi,Block-5,Varanasi-Area-4,Ward,12.6207,84.5825,3477,Diabetes Screening,Screening,30,80,1836,1288,548,70.1525054466231,29.847494553376908,Medium,20.98054219539798,344.0,Medium,Decreasing,15.011043284722598
India,Uttar Pradesh,Varanasi,Block-1,Varanasi-Area-5,Town,18.2453,89.7905,11285,Child Vaccination,Vaccine,0,5,4304,3443,861,79.9953531598513,20.0046468401487,Medium,14.28658193698684,454.0,Low,Increasing,10.2856525689571
India,Uttar Pradesh,Varanasi,Block-1,Varanasi-Area-5,Town,18.2453,89.7905,11285,TB Screening,Screening,18,80,5185,3579,1606,69.02603664416587,30.97396335583414,Medium,21.965103497966652,319.0,Medium,Increasing,15.770310826799822
India,Uttar Pradesh,Varanasi,Block-1,Varanasi-Area-5,Town,18.2453,89.7905,11285,Diabetes Screening,Screening,30,80,3232,1490,1742,46.101485148514854,53.898514851485146,High,38.012289544922346,61.0,High,Increasing,27.232586574625326
India,Uttar Pradesh,Varanasi,Block-2,Varanasi-Area-6,Ward,23.0376,83.6923,1716,Child Vaccination,Vaccine,0,5,929,518,411,55.758880516684606,44.241119483315394,High,31.011866741509323,165.0,High,Decreasing,22.163642844846247
India,Uttar Pradesh,Varanasi,Block-2,Varanasi-Area-6,Ward,23.0376,83.6923,1716,TB Screening,Screening,18,80,742,419,323,56.46900269541779,43.53099730458221,High,30.514781216396095,177.0,High,Decreasing,21.808581755479654
India,Uttar Pradesh,Varanasi,Block-2,Varanasi-Area-6,Ward,23.0376,83.6923,1716,Diabetes Screening,Screening,30,80,552,235,317,42.572463768115945,57.427536231884055,High,40.24235846550739,28.0,Critical,Stable,28.756851219130578
India,Uttar Pradesh,Varanasi,Block-3,Varanasi-Area-7,Village,30.1887,86.1009,7372,Child Vaccination,Vaccine,0,5,2193,1383,810,63.064295485636116,36.935704514363884,Medium,26.04007977818176,251.0,Medium,Decreasing,18.652938875308983
India,Uttar Pradesh,Varanasi,Block-3,Varanasi-Area-7,Village,30.1887,86.1009,7372,TB Screening,Screening,18,80,3061,2560,501,83.6327997386475,16.3672002613525,Low,11.64212680107379,500.0,Low,Decreasing,8.36868674880329
India,Uttar Pradesh,Varanasi,Block-3,Varanasi-Area-7,Village,30.1887,86.1009,7372,Diabetes Screening,Screening,30,80,3064,1995,1069,65.11096605744126,34.88903394255875,Medium,24.607410377918164,269.0,Medium,Increasing,17.629603589406415
India,Uttar Pradesh,Varanasi,Block-4,Varanasi-Area-8,Town,9.7871,88.2627,10092,Child Vaccination,Vaccine,0,5,2805,1293,1512,46.096256684491976,53.903743315508024,High,37.985997172474995,62.0,High,Increasing,27.205248509373394
India,Uttar Pradesh,Varanasi,Block-4,Varanasi-Area-8,Town,9.7871,88.2627,10092,TB Screening,Screening,18,80,5527,4962,565,89.77745612447983,10.222543875520174,Low,7.409157564483503,562.0,Low,Decreasing,5.364648789379469
India,Uttar Pradesh,Varanasi,Block-4,Varanasi-Area-8,Town,9.7871,88.2627,10092,Diabetes Screening,Screening,30,80,5286,3849,1437,72.81498297389331,27.185017026106696,Medium,19.28288876989407,370.0,Medium,Decreasing,13.84588536467273
India,Uttar Pradesh,Varanasi,Block-5,Varanasi-Area-9,Ward,16.4963,83.1088,7282,Child Vaccination,Vaccine,0,5,2828,1156,1672,40.87694483734088,59.12305516265912,High,41.56896562867434,6.0,Critical,Decreasing,29.744354596142514
India,Uttar Pradesh,Varanasi,Block-5,Varanasi-Area-9,Ward,16.4963,83.1088,7282,TB Screening,Screening,18,80,2077,1419,658,68.31969186326432,31.680308136735675,Medium,22.359042710527927,309.0,Medium,Decreasing,16.02298108318079
India,Uttar Pradesh,Varanasi,Block-5,Varanasi-Area-9,Ward,16.4963,83.1088,7282,Diabetes Screening,Screening,30,80,3638,1939,1699,53.29851566794942,46.701484332050576,High,32.873866047248356,133.0,High,Decreasing,23.533569180838242
India,Uttar Pradesh,Varanasi,Block-1,Varanasi-Area-10,Ward,20.389,75.2976,4840,Child Vaccination,Vaccine,0,5,1933,925,1008,47.853078116916706,52.14692188308329,High,36.62436176304909,87.0,High,Increasing,26.19497738643243
India,Uttar Pradesh,Varanasi,Block-1,Varanasi-Area-10,Ward,20.389,75.2976,4840,TB Screening,Screening,18,80,2250,1431,819,63.6,36.4,Medium,25.601516444890784,255.0,Medium,Decreasing,18.321516444890786
India,Uttar Pradesh,Varanasi,Block-1,Varanasi-Area-10,Ward,20.389,75.2976,4840,Diabetes Screening,Screening,30,80,1948,1437,511,73.76796714579056,26.232032854209447,Medium,18.4839394428374,384.0,Medium,Decreasing,13.237532871995509
India,Uttar Pradesh,Varanasi,Block-2,Varanasi-Area-11,Ward,23.1569,75.2548,10377,Child Vaccination,Vaccine,0,5,3445,1833,1612,53.20754716981132,46.79245283018868,High,33.01524924324606,131.0,High,Decreasing,23.656758677208323
India,Uttar Pradesh,Varanasi,Block-2,Varanasi-Area-11,Ward,23.1569,75.2548,10377,TB Screening,Screening,18,80,5192,3266,1926,62.90446841294299,37.09553158705701,Medium,26.22740437305389,248.0,Medium,Increasing,18.80829805564249
India,Uttar Pradesh,Varanasi,Block-2,Varanasi-Area-11,Ward,23.1569,75.2548,10377,Diabetes Screening,Screening,30,80,5645,4320,1325,76.52790079716564,23.472099202834368,Medium,16.69100170409804,414.0,Low,Decreasing,11.99658186353117
India,Uttar Pradesh,Varanasi,Block-3,Varanasi-Area-12,Town,32.2412,77.988,4393,Child Vaccination,Vaccine,0,5,1419,634,785,44.67935165609585,55.32064834390415,High,38.83474758916374,52.0,Critical,Increasing,27.770617920382907
India,Uttar Pradesh,Varanasi,Block-3,Varanasi-Area-12,Town,32.2412,77.988,4393,TB Screening,Screening,18,80,1824,1707,117,93.58552631578947,6.4144736842105265,Low,4.600425327378199,610.0,Low,Increasing,3.3175305905360943
India,Uttar Pradesh,Varanasi,Block-3,Varanasi-Area-12,Town,32.2412,77.988,4393,Diabetes Screening,Screening,30,80,1603,700,903,43.66812227074236,56.33187772925764,High,39.54260815891118,40.0,Critical,Increasing,28.27623261305965
India,Uttar Pradesh,Varanasi,Block-4,Varanasi-Area-13,Village,21.7572,71.8182,1571,Child Vaccination,Vaccine,0,5,827,570,257,68.92382103990326,31.076178960096733,Medium,21.792767903250237,323.0,Medium,Increasing,15.577532111230893
India,Uttar Pradesh,Varanasi,Block-4,Varanasi-Area-13,Village,21.7572,71.8182,1571,TB Screening,Screening,18,80,632,429,203,67.87974683544303,32.120253164556964,Medium,22.523619846372398,307.0,Medium,Decreasing,16.099569213461006
India,Uttar Pradesh,Varanasi,Block-4,Varanasi-Area-13,Village,21.7572,71.8182,1571,Diabetes Screening,Screening,30,80,807,761,46,94.2998760842627,5.700123915737299,Low,4.029529372198635,622.0,Low,Increasing,2.889504589051175
India,Uttar Pradesh,Varanasi,Block-5,Varanasi-Area-14,Village,12.1267,73.1996,11949,Child Vaccination,Vaccine,0,5,6084,4287,1797,70.46351084812623,29.536489151873766,Medium,20.975542406311636,345.0,Medium,Decreasing,15.068244575936884
India,Uttar Pradesh,Varanasi,Block-5,Varanasi-Area-14,Village,12.1267,73.1996,11949,TB Screening,Screening,18,80,3977,2444,1533,61.453356801609246,38.54664319839075,Medium,27.282650238873522,236.0,Medium,Increasing,19.573321599195374
India,Uttar Pradesh,Varanasi,Block-5,Varanasi-Area-14,Village,12.1267,73.1996,11949,Diabetes Screening,Screening,30,80,5819,3832,1987,65.85323938821104,34.14676061178897,Medium,24.20273242825228,278.0,Medium,Increasing,17.373380305894486
India,Uttar Pradesh,Lucknow,Block-2,Lucknow-Area-1,Town,24.103,77.6953,10563,Child Vaccination,Vaccine,0,5,3955,2964,991,74.94310998735777,25.056890012642224,Medium,17.805025117812647,391.0,Medium,Decreasing,12.793647115284205
India,Uttar Pradesh,Lucknow,Block-2,Lucknow-Area-1,Town,24.103,77.6953,10563,TB Screening,Screening,18,80,5601,5262,339,93.94750937332618,6.052490626673808,Low,4.501945547634758,613.0,Low,Decreasing,3.291447422299997
India,Uttar Pradesh,Lucknow,Block-2,Lucknow-Area-1,Town,24.103,77.6953,10563,Diabetes Screening,Screening,30,80,4249,2292,1957,53.94210402447634,46.05789597552366,High,32.50572929182965,142.0,High,Increasing,23.29415009672492
India,Uttar Pradesh,Lucknow,Block-3,Lucknow-Area-2,Town,22.2861,89.4216,988,Child Vaccination,Vaccine,0,5,490,200,290,40.816326530612244,59.183673469387756,High,41.453376851619375,8.0,Critical,Increasing,29.616642157741833
India,Uttar Pradesh,Lucknow,Block-3,Lucknow-Area-2,Town,22.2861,89.4216,988,TB Screening,Screening,18,80,330,275,55,83.33333333333334,16.666666666666664,Low,11.691472089714619,496.0,Low,Decreasing,8.358138756381287
India,Uttar Pradesh,Lucknow,Block-3,Lucknow-Area-2,Town,22.2861,89.4216,988,Diabetes Screening,Screening,30,80,335,197,138,58.805970149253724,41.19402985074627,High,28.86062631857034,208.0,High,Increasing,20.62182034842109
India,Uttar Pradesh,Lucknow,Block-4,Lucknow-Area-3,Ward,27.4595,83.6342,9597,Child Vaccination,Vaccine,0,5,4089,3283,806,80.28857911469797,19.71142088530203,Low,14.038943653103335,459.0,Low,Increasing,10.09665947604293
India,Uttar Pradesh,Lucknow,Block-4,Lucknow-Area-3,Ward,27.4595,83.6342,9597,TB Screening,Screening,18,80,5275,3932,1343,74.54028436018957,25.459715639810426,Medium,18.062749981259213,387.0,Medium,Stable,12.970806853297129
India,Uttar Pradesh,Lucknow,Block-4,Lucknow-Area-3,Ward,27.4595,83.6342,9597,Diabetes Screening,Screening,30,80,3808,3139,669,82.43172268907563,17.56827731092437,Low,12.538743151038974,482.0,Low,Increasing,9.0250876888541
India,Uttar Pradesh,Lucknow,Block-5,Lucknow-Area-4,Town,28.7522,76.8035,5608,Child Vaccination,Vaccine,0,5,1651,1327,324,80.3755299818292,19.624470018170808,Low,13.877927405890542,462.0,Low,Decreasing,9.95303340225638
India,Uttar Pradesh,Lucknow,Block-5,Lucknow-Area-4,Town,28.7522,76.8035,5608,TB Screening,Screening,18,80,2308,1345,963,58.27556325823223,41.72443674176776,High,29.347904112408404,200.0,High,Increasing,21.003016764054856
India,Uttar Pradesh,Lucknow,Block-5,Lucknow-Area-4,Town,28.7522,76.8035,5608,Diabetes Screening,Screening,30,80,1982,841,1141,42.43188698284561,57.56811301715439,High,40.438477505179044,24.0,Critical,Decreasing,28.92485490174817
India,Uttar Pradesh,Lucknow,Block-1,Lucknow-Area-5,Town,12.2703,70.0649,5115,Child Vaccination,Vaccine,0,5,2125,1488,637,70.02352941176471,29.976470588235294,Medium,21.111950200115192,339.0,Medium,Decreasing,15.116656082468136
India,Uttar Pradesh,Lucknow,Block-1,Lucknow-Area-5,Town,12.2703,70.0649,5115,TB Screening,Screening,18,80,2112,1789,323,84.70643939393939,15.293560606060606,Low,10.833913212592913,515.0,Low,Increasing,7.775201091380793
India,Uttar Pradesh,Lucknow,Block-1,Lucknow-Area-5,Town,12.2703,70.0649,5115,Diabetes Screening,Screening,30,80,1977,981,996,49.6206373292868,50.3793626707132,High,35.393974657849725,106.0,High,Increasing,25.31810212370709
India,Uttar Pradesh,Lucknow,Block-2,Lucknow-Area-6,Ward,28.573,80.1536,2543,Child Vaccination,Vaccine,0,5,881,729,152,82.74687854710557,17.253121452894437,Low,12.141031364000748,490.0,Low,Decreasing,8.690407073421861
India,Uttar Pradesh,Lucknow,Block-2,Lucknow-Area-6,Ward,28.573,80.1536,2543,TB Screening,Screening,18,80,779,510,269,65.46854942233634,34.53145057766367,Medium,24.23586175133921,277.0,Medium,Decreasing,17.329571635806477
India,Uttar Pradesh,Lucknow,Block-2,Lucknow-Area-6,Ward,28.573,80.1536,2543,Diabetes Screening,Screening,30,80,1167,913,254,78.23479005998286,21.765209940017137,Medium,15.299493304986637,436.0,Low,Increasing,10.946451316983211
India,Uttar Pradesh,Lucknow,Block-3,Lucknow-Area-7,Ward,16.058,82.779,10777,Child Vaccination,Vaccine,0,5,4542,3394,1148,74.7247908410392,25.27520915896081,Medium,17.963221354782483,390.0,Medium,Increasing,12.908179522990322
India,Uttar Pradesh,Lucknow,Block-3,Lucknow-Area-7,Ward,16.058,82.779,10777,TB Screening,Screening,18,80,3449,2918,531,84.60423311104668,15.395766888953318,Low,11.047611765777239,511.0,Low,Increasing,7.968458387986576
India,Uttar Pradesh,Lucknow,Block-3,Lucknow-Area-7,Ward,16.058,82.779,10777,Diabetes Screening,Screening,30,80,5201,2260,2941,43.45318208036916,56.54681791963084,High,39.8533474872515,32.0,Critical,Decreasing,28.543983903325337
India,Uttar Pradesh,Lucknow,Block-4,Lucknow-Area-8,Village,12.1267,85.2502,9637,Child Vaccination,Vaccine,0,5,2535,2096,439,82.68244575936883,17.317554240631164,Low,12.364241269973324,488.0,Low,Increasing,8.900730421847092
India,Uttar Pradesh,Lucknow,Block-4,Lucknow-Area-8,Village,12.1267,85.2502,9637,TB Screening,Screening,18,80,4562,2973,1589,65.16878562034195,34.83121437965804,Medium,24.623803367292137,268.0,Medium,Increasing,17.65756049136053
India,Uttar Pradesh,Lucknow,Block-4,Lucknow-Area-8,Village,12.1267,85.2502,9637,Diabetes Screening,Screening,30,80,4448,2497,1951,56.13758992805755,43.86241007194245,High,30.94564035189122,168.0,High,Increasing,22.173158337502734
India,Uttar Pradesh,Lucknow,Block-5,Lucknow-Area-9,Ward,32.7993,81.9789,8805,Child Vaccination,Vaccine,0,5,4344,1842,2502,42.40331491712707,57.59668508287292,High,40.53874408223901,22.0,Critical,Increasing,29.01940706566443
India,Uttar Pradesh,Lucknow,Block-5,Lucknow-Area-9,Ward,32.7993,81.9789,8805,TB Screening,Screening,18,80,3221,1641,1580,50.94691089723688,49.05308910276312,High,34.55822689616215,114.0,High,Increasing,24.747609075609528
India,Uttar Pradesh,Lucknow,Block-5,Lucknow-Area-9,Ward,32.7993,81.9789,8805,Diabetes Screening,Screening,30,80,3954,1672,2282,42.28629236216489,57.7137076378351,High,40.62065987071254,20.0,Critical,Increasing,29.07791834314552
India,Uttar Pradesh,Lucknow,Block-1,Lucknow-Area-10,Village,11.0204,77.2596,5838,Child Vaccination,Vaccine,0,5,2896,2645,251,91.3328729281768,8.667127071823204,Low,6.213561885249881,582.0,Low,Increasing,4.48013647088524
India,Uttar Pradesh,Lucknow,Block-1,Lucknow-Area-10,Village,11.0204,77.2596,5838,TB Screening,Screening,18,80,3177,2171,1006,68.33490714510545,31.665092854894556,Medium,22.312137933399825,311.0,Medium,Decreasing,15.979119362420915
India,Uttar Pradesh,Lucknow,Block-1,Lucknow-Area-10,Village,11.0204,77.2596,5838,Diabetes Screening,Screening,30,80,2327,2196,131,94.3704340352385,5.629565964761495,Low,4.087269110306684,621.0,Low,Decreasing,2.9613559173543855
India,Uttar Pradesh,Lucknow,Block-2,Lucknow-Area-11,Village,9.564,87.5602,2090,Child Vaccination,Vaccine,0,5,545,380,165,69.72477064220183,30.275229357798167,Medium,21.245133560752464,335.0,Medium,Increasing,15.190087689192833
India,Uttar Pradesh,Lucknow,Block-2,Lucknow-Area-11,Village,9.564,87.5602,2090,TB Screening,Screening,18,80,837,451,386,53.882915173237755,46.117084826762245,High,32.33443238902731,145.0,High,Increasing,23.11101542367487
India,Uttar Pradesh,Lucknow,Block-2,Lucknow-Area-11,Village,9.564,87.5602,2090,Diabetes Screening,Screening,30,80,892,726,166,81.39013452914799,18.609865470852018,Low,13.079378839890161,471.0,Low,Increasing,9.357405745719758
India,Uttar Pradesh,Lucknow,Block-3,Lucknow-Area-12,Village,27.7615,86.3205,9527,Child Vaccination,Vaccine,0,5,4867,2458,2409,50.503390178754884,49.496609821245116,High,34.8868184390192,110.0,High,Decreasing,24.987496474770186
India,Uttar Pradesh,Lucknow,Block-3,Lucknow-Area-12,Village,27.7615,86.3205,9527,TB Screening,Screening,18,80,4880,2910,1970,59.63114754098361,40.36885245901639,High,28.4973882854591,218.0,High,Stable,20.423617793655822
India,Uttar Pradesh,Lucknow,Block-3,Lucknow-Area-12,Village,27.7615,86.3205,9527,Diabetes Screening,Screening,30,80,3640,3019,621,82.93956043956044,17.060439560439562,Low,12.181499256455322,489.0,Low,Increasing,8.769411344367409
India,Uttar Pradesh,Lucknow,Block-4,Lucknow-Area-13,Village,11.4666,79.5056,9807,Child Vaccination,Vaccine,0,5,3999,3503,496,87.59689922480621,12.4031007751938,Low,8.928391983760438,541.0,Low,Increasing,6.44777182872168
India,Uttar Pradesh,Lucknow,Block-4,Lucknow-Area-13,Village,11.4666,79.5056,9807,TB Screening,Screening,18,80,3796,2211,1585,58.245521601685994,41.75447839831401,High,29.47435631994459,199.0,High,Decreasing,21.123460640281788
India,Uttar Pradesh,Lucknow,Block-4,Lucknow-Area-13,Village,11.4666,79.5056,9807,Diabetes Screening,Screening,30,80,4577,2144,2433,46.84291020318987,53.15708979681014,High,37.45618429889188,74.0,High,Decreasing,26.82476633952985
India,Uttar Pradesh,Lucknow,Block-5,Lucknow-Area-14,Village,15.1565,87.4487,7732,Child Vaccination,Vaccine,0,5,2883,1736,1147,60.215053763440864,39.784946236559136,Medium,28.04358739697477,224.0,Medium,Increasing,20.086598149662947
India,Uttar Pradesh,Lucknow,Block-5,Lucknow-Area-14,Village,15.1565,87.4487,7732,TB Screening,Screening,18,80,3451,3068,383,88.90176760359316,11.09823239640684,Low,7.962887708868166,554.0,Low,Increasing,5.743241229586799
India,Uttar Pradesh,Lucknow,Block-5,Lucknow-Area-14,Village,15.1565,87.4487,7732,Diabetes Screening,Screening,30,80,2291,1853,438,80.88171104321256,19.11828895678743,Low,13.57692730113458,466.0,Low,Decreasing,9.753269509777095
India,Bihar,Patna,Block-2,Patna-Area-1,Village,33.0807,85.1053,4095,Child Vaccination,Vaccine,0,5,1600,1427,173,89.1875,10.8125,Low,7.671561950790861,557.0,Low,Decreasing,5.509061950790861
India,Bihar,Patna,Block-2,Patna-Area-1,Village,33.0807,85.1053,4095,TB Screening,Screening,18,80,2214,1356,858,61.24661246612466,38.75338753387534,Medium,27.230183224503598,237.0,Medium,Decreasing,19.479505717728532
India,Bihar,Patna,Block-2,Patna-Area-1,Village,33.0807,85.1053,4095,Diabetes Screening,Screening,30,80,1439,1346,93,93.5371785962474,6.4628214037526055,Low,4.6267869334176845,609.0,Low,Decreasing,3.334222652667164
India,Bihar,Patna,Block-3,Patna-Area-2,Ward,16.4163,89.903,11447,Child Vaccination,Vaccine,0,5,5240,3526,1714,67.29007633587786,32.70992366412214,Medium,23.184342999733598,291.0,Medium,Decreasing,16.642358266909174
India,Bihar,Patna,Block-3,Patna-Area-2,Ward,16.4163,89.903,11447,TB Screening,Screening,18,80,5093,3430,1663,67.34733948556843,32.652660514431574,Medium,23.144258794950204,293.0,Medium,Decreasing,16.613726692063892
India,Bihar,Patna,Block-3,Patna-Area-2,Ward,16.4163,89.903,11447,Diabetes Screening,Screening,30,80,5786,5255,531,90.82267542343588,9.177324576564121,Low,6.711523638442989,572.0,Low,Decreasing,4.876058723130165
India,Bihar,Patna,Block-4,Patna-Area-3,Town,19.8287,80.3515,2782,Child Vaccination,Vaccine,0,5,1406,963,443,68.49217638691323,31.50782361308677,Medium,22.12532337826945,315.0,Medium,Decreasing,15.823758655652098
India,Bihar,Patna,Block-4,Patna-Area-3,Town,19.8287,80.3515,2782,TB Screening,Screening,18,80,1412,1186,226,83.9943342776204,16.005665722379604,Low,11.273812854774434,506.0,Low,Decreasing,8.072679710298514
India,Bihar,Patna,Block-4,Patna-Area-3,Town,19.8287,80.3515,2782,Diabetes Screening,Screening,30,80,1012,809,203,79.9407114624506,20.059288537549406,Medium,14.111348825393296,458.0,Low,Increasing,10.099491117883415
India,Bihar,Patna,Block-5,Patna-Area-4,Village,14.0668,76.7617,10438,Child Vaccination,Vaccine,0,5,3601,1596,2005,44.321021938350455,55.678978061649545,High,39.23734841418155,45.0,Critical,Increasing,28.101552801851636
India,Bihar,Patna,Block-5,Patna-Area-4,Village,14.0668,76.7617,10438,TB Screening,Screening,18,80,4860,3554,1306,73.1275720164609,26.872427983539094,Medium,19.07276335950423,371.0,Medium,Decreasing,13.698277762796412
India,Bihar,Patna,Block-5,Patna-Area-4,Village,14.0668,76.7617,10438,Diabetes Screening,Screening,30,80,4987,4250,737,85.22157609785442,14.77842390214558,Low,10.60696050252877,518.0,Low,Increasing,7.651275722099654
India,Bihar,Patna,Block-1,Patna-Area-5,Ward,14.2131,74.4043,1963,Child Vaccination,Vaccine,0,5,1004,702,302,69.9203187250996,30.0796812749004,Medium,21.105061351380815,340.0,Medium,Decreasing,15.089125096400739
India,Bihar,Patna,Block-1,Patna-Area-5,Ward,14.2131,74.4043,1963,TB Screening,Screening,18,80,511,294,217,57.534246575342465,42.465753424657535,High,29.77531185621081,191.0,High,Increasing,21.282161171279306
India,Bihar,Patna,Block-1,Patna-Area-5,Ward,14.2131,74.4043,1963,Diabetes Screening,Screening,30,80,531,235,296,44.25612052730697,55.74387947269304,High,39.07000008983566,49.0,Critical,Increasing,27.921224195297057
India,Bihar,Patna,Block-2,Patna-Area-6,Ward,25.0398,74.5788,1314,Child Vaccination,Vaccine,0,5,577,440,137,76.25649913344887,23.743500866551127,Medium,16.653440814971425,415.0,Low,Decreasing,11.904740641661203
India,Bihar,Patna,Block-2,Patna-Area-6,Ward,25.0398,74.5788,1314,TB Screening,Screening,18,80,691,392,299,56.72937771345875,43.27062228654125,High,30.322425808964507,179.0,High,Increasing,21.66830135165626
India,Bihar,Patna,Block-2,Patna-Area-6,Ward,25.0398,74.5788,1314,Diabetes Screening,Screening,30,80,721,527,194,73.09292649098474,26.907073509015255,Medium,18.867941664696314,372.0,Medium,Increasing,13.486526962893267
India,Bihar,Patna,Block-3,Patna-Area-7,Town,9.9131,74.7601,11760,Child Vaccination,Vaccine,0,5,5574,3535,2039,63.41944743451741,36.5805525654826,Medium,25.901641628878238,253.0,Medium,Decreasing,18.58553111578172
India,Bihar,Patna,Block-3,Patna-Area-7,Town,9.9131,74.7601,11760,TB Screening,Screening,18,80,4471,3484,987,77.92440169984344,22.075598300156564,Medium,15.748173643150016,429.0,Low,Increasing,11.333053983118704
India,Bihar,Patna,Block-3,Patna-Area-7,Town,9.9131,74.7601,11760,Diabetes Screening,Screening,30,80,3287,1950,1337,59.324612108305445,40.675387891694555,High,28.768026357226606,214.0,High,Decreasing,20.632948778887698
India,Bihar,Patna,Block-4,Patna-Area-8,Town,13.7844,72.6462,10155,Child Vaccination,Vaccine,0,5,4469,1891,2578,42.3137167151488,57.68628328485119,High,40.63535687333508,19.0,Critical,Decreasing,29.098100216364838
India,Bihar,Patna,Block-4,Patna-Area-8,Town,13.7844,72.6462,10155,TB Screening,Screening,18,80,5197,4565,632,87.83913796421012,12.16086203578988,Low,8.767561998992155,543.0,Low,Stable,6.335389591834182
India,Bihar,Patna,Block-4,Patna-Area-8,Town,13.7844,72.6462,10155,Diabetes Screening,Screening,30,80,3890,2310,1580,59.383033419023135,40.616966580976865,High,28.686835180623046,215.0,High,Increasing,20.563441864427674
India,Bihar,Patna,Block-5,Patna-Area-9,Ward,20.7621,85.6924,7469,Child Vaccination,Vaccine,0,5,3422,3247,175,94.88603156049093,5.113968439509059,Low,3.767299876021895,628.0,Low,Stable,2.7445061881200834
India,Bihar,Patna,Block-5,Patna-Area-9,Ward,20.7621,85.6924,7469,TB Screening,Screening,18,80,3891,2143,1748,55.07581598560781,44.92418401439219,High,31.634450778440087,153.0,High,Increasing,22.64961397556165
India,Bihar,Patna,Block-5,Patna-Area-9,Ward,20.7621,85.6924,7469,Diabetes Screening,Screening,30,80,1970,1849,121,93.85786802030456,6.1421319796954315,Low,4.487014354152355,614.0,Low,Decreasing,3.2585879582132695
India,Bihar,Patna,Block-1,Patna-Area-10,Village,10.5468,83.1797,6604,Child Vaccination,Vaccine,0,5,3228,2974,254,92.13135068153655,7.8686493184634445,Low,5.67385919277126,594.0,Low,Increasing,4.100129329078571
India,Bihar,Patna,Block-1,Patna-Area-10,Village,10.5468,83.1797,6604,TB Screening,Screening,18,80,2232,984,1248,44.086021505376344,55.91397849462365,High,39.3055896160834,44.0,Critical,Increasing,28.122793917158674
India,Bihar,Patna,Block-1,Patna-Area-10,Village,10.5468,83.1797,6604,Diabetes Screening,Screening,30,80,2393,1796,597,75.05223568742164,24.947764312578354,Medium,17.629239688651698,394.0,Low,Stable,12.639686826136026
India,Bihar,Patna,Block-2,Patna-Area-11,Town,19.0998,87.2767,1687,Child Vaccination,Vaccine,0,5,495,296,199,59.79797979797979,40.2020202020202,High,28.183769150201485,220.0,High,Decreasing,20.143365109797447
India,Bihar,Patna,Block-2,Patna-Area-11,Town,19.0998,87.2767,1687,TB Screening,Screening,18,80,690,580,110,84.05797101449275,15.942028985507244,Low,11.201775298642417,508.0,Low,Increasing,8.013369501540968
India,Bihar,Patna,Block-2,Patna-Area-11,Town,19.0998,87.2767,1687,Diabetes Screening,Screening,30,80,708,547,161,77.25988700564972,22.74011299435028,Medium,15.960434104832542,425.0,Low,Decreasing,11.412411505962487
India,Bihar,Patna,Block-3,Patna-Area-12,Ward,25.6433,82.9236,1793,Child Vaccination,Vaccine,0,5,874,807,67,92.33409610983982,7.665903890160183,Low,5.411149042469396,597.0,Low,Increasing,3.87796826443736
India,Bihar,Patna,Block-3,Patna-Area-12,Ward,25.6433,82.9236,1793,TB Screening,Screening,18,80,539,257,282,47.680890538033395,52.319109461966605,High,36.66839294273389,86.0,High,Increasing,26.204571050340572
India,Bihar,Patna,Block-3,Patna-Area-12,Ward,25.6433,82.9236,1793,Diabetes Screening,Screening,30,80,490,359,131,73.26530612244898,26.73469387755102,Medium,18.75930203364298,378.0,Medium,Increasing,13.412363258132778
India,Bihar,Patna,Block-4,Patna-Area-13,Town,27.6618,86.0119,2590,Child Vaccination,Vaccine,0,5,1324,1098,226,82.93051359516616,17.069486404833835,Low,12.013666845422348,494.0,Low,Decreasing,8.599769564455581
India,Bihar,Patna,Block-4,Patna-Area-13,Town,27.6618,86.0119,2590,TB Screening,Screening,18,80,1129,473,656,41.895482728077944,58.10451727192205,High,40.738188452384094,18.0,Critical,Decreasing,29.11728499799969
India,Bihar,Patna,Block-4,Patna-Area-13,Town,27.6618,86.0119,2590,Diabetes Screening,Screening,30,80,834,364,470,43.645083932853716,56.35491606714629,High,39.513467609041065,41.0,Critical,Decreasing,28.24248439561181
India,Bihar,Patna,Block-5,Patna-Area-14,Village,13.1729,80.7257,3096,Child Vaccination,Vaccine,0,5,1621,1342,279,82.78840222085134,17.211597779148676,Low,12.12584879940859,492.0,Low,Decreasing,8.683529243578857
India,Bihar,Patna,Block-5,Patna-Area-14,Village,13.1729,80.7257,3096,TB Screening,Screening,18,80,906,544,362,60.04415011037527,39.95584988962472,Medium,28.046825276741824,223.0,Medium,Decreasing,20.05565529881688
India,Bihar,Patna,Block-5,Patna-Area-14,Village,13.1729,80.7257,3096,Diabetes Screening,Screening,30,80,1202,733,469,60.981697171381036,39.018302828618964,Medium,27.390542334037793,233.0,Medium,Increasing,19.586881768314
India,Bihar,Gaya,Block-2,Gaya-Area-1,Town,12.9542,79.2526,2035,Child Vaccination,Vaccine,0,5,663,472,191,71.19155354449472,28.808446455505276,Medium,20.217004660455498,358.0,Medium,Increasing,14.455315369354446
India,Bihar,Gaya,Block-2,Gaya-Area-1,Town,12.9542,79.2526,2035,TB Screening,Screening,18,80,664,486,178,73.19277108433735,26.80722891566265,Medium,18.81615238256566,375.0,Medium,Decreasing,13.454706599433134
India,Bihar,Gaya,Block-2,Gaya-Area-1,Town,12.9542,79.2526,2035,Diabetes Screening,Screening,30,80,514,397,117,77.23735408560312,22.762645914396888,Medium,15.98494428167963,424.0,Low,Increasing,11.432415098800252
India,Bihar,Gaya,Block-3,Gaya-Area-2,Town,29.8166,87.1193,2404,Child Vaccination,Vaccine,0,5,1181,1088,93,92.12531752751904,7.8746824724809485,Low,5.572634245926219,595.0,Low,Decreasing,3.99769775143003
India,Bihar,Gaya,Block-3,Gaya-Area-2,Town,29.8166,87.1193,2404,TB Screening,Screening,18,80,1250,755,495,60.4,39.6,Medium,27.780356515189556,228.0,Medium,Increasing,19.860356515189558
India,Bihar,Gaya,Block-3,Gaya-Area-2,Town,29.8166,87.1193,2404,Diabetes Screening,Screening,30,80,1089,892,197,81.91000918273646,18.089990817263544,Low,12.723350087274035,478.0,Low,Decreasing,9.105351923821328
India,Bihar,Gaya,Block-4,Gaya-Area-3,Village,25.6079,80.8118,1041,Child Vaccination,Vaccine,0,5,309,221,88,71.52103559870551,28.478964401294498,Medium,19.961411159239063,362.0,Medium,Increasing,14.265618278980163
India,Bihar,Gaya,Block-4,Gaya-Area-3,Village,25.6079,80.8118,1041,TB Screening,Screening,18,80,398,275,123,69.09547738693468,30.90452261306533,Medium,21.659301907478643,325.0,Medium,Increasing,15.478397384865579
India,Bihar,Gaya,Block-4,Gaya-Area-3,Village,25.6079,80.8118,1041,Diabetes Screening,Screening,30,80,368,227,141,61.684782608695656,38.315217391304344,Medium,26.846788252245954,241.0,Medium,Increasing,19.183744773985087
India,Bihar,Gaya,Block-5,Gaya-Area-4,Village,33.0119,86.9739,3524,Child Vaccination,Vaccine,0,5,1502,1137,365,75.69906790945407,24.30093209054594,Medium,17.09912848648032,408.0,Low,Increasing,12.238942068371136
India,Bihar,Gaya,Block-5,Gaya-Area-4,Village,33.0119,86.9739,3524,TB Screening,Screening,18,80,1556,836,720,53.72750642673522,46.27249357326478,High,32.47922152438351,143.0,High,Decreasing,23.224722809730558
India,Bihar,Gaya,Block-5,Gaya-Area-4,Village,33.0119,86.9739,3524,Diabetes Screening,Screening,30,80,1329,614,715,46.200150489089545,53.799849510910455,High,37.74837068073548,65.0,High,Increasing,26.988400778553395
India,Bihar,Gaya,Block-1,Gaya-Area-5,Town,21.1123,74.2749,7370,Child Vaccination,Vaccine,0,5,2395,1927,468,80.45929018789144,19.54070981210856,Low,13.863533273196051,463.0,Low,Increasing,9.95539131077434
India,Bihar,Gaya,Block-1,Gaya-Area-5,Town,21.1123,74.2749,7370,TB Screening,Screening,18,80,3711,2502,1209,67.42118027485853,32.57881972514147,Medium,22.990210212319088,297.0,Medium,Decreasing,16.474446267290794
India,Bihar,Gaya,Block-1,Gaya-Area-5,Town,21.1123,74.2749,7370,Diabetes Screening,Screening,30,80,2282,1398,884,61.262050832602974,38.73794916739702,Medium,27.30160082189797,235.0,Medium,Stable,19.554010988418568
India,Bihar,Gaya,Block-2,Gaya-Area-6,Village,12.4452,70.0431,7196,Child Vaccination,Vaccine,0,5,2629,1863,766,70.8634461772537,29.136553822746293,Medium,20.576255514235232,351.0,Medium,Increasing,14.748944749685975
India,Bihar,Gaya,Block-2,Gaya-Area-6,Village,12.4452,70.0431,7196,TB Screening,Screening,18,80,2842,1545,1297,54.3631245601689,45.6368754398311,High,32.1264806461946,150.0,High,Decreasing,22.99910555822838
India,Bihar,Gaya,Block-2,Gaya-Area-6,Village,12.4452,70.0431,7196,Diabetes Screening,Screening,30,80,2311,1255,1056,54.30549545651233,45.69450454348767,High,32.1668210187542,149.0,High,Increasing,23.027920110056662
India,Bihar,Gaya,Block-3,Gaya-Area-7,Town,33.016,85.7026,5473,Child Vaccination,Vaccine,0,5,2307,1489,818,64.54269614217598,35.457303857824016,Medium,24.957521688676657,263.0,Medium,Increasing,17.866060917111856
India,Bihar,Gaya,Block-3,Gaya-Area-7,Town,33.016,85.7026,5473,TB Screening,Screening,18,80,2312,2191,121,94.76643598615917,5.23356401384083,Low,3.80090379788843,627.0,Low,Decreasing,2.7541909951202643
India,Bihar,Gaya,Block-3,Gaya-Area-7,Town,33.016,85.7026,5473,Diabetes Screening,Screening,30,80,2998,1670,1328,55.70380253502335,44.29619746497665,High,31.1447472136835,160.0,High,Increasing,22.285507720688173
India,Bihar,Gaya,Block-4,Gaya-Area-8,Town,26.808,84.6101,9905,Child Vaccination,Vaccine,0,5,3353,3031,322,90.39665970772442,9.603340292275574,Low,6.971020102659685,568.0,Low,Increasing,5.050352044204571
India,Bihar,Gaya,Block-4,Gaya-Area-8,Town,26.808,84.6101,9905,TB Screening,Screening,18,80,5382,3606,1776,67.00111482720177,32.99888517279822,Medium,23.347901519025537,288.0,Medium,Decreasing,16.748124484465894
India,Bihar,Gaya,Block-4,Gaya-Area-8,Town,26.808,84.6101,9905,Diabetes Screening,Screening,30,80,4432,2071,2361,46.728339350180505,53.271660649819495,High,37.53884435294043,69.0,High,Decreasing,26.884512222976532
India,Bihar,Gaya,Block-5,Gaya-Area-9,Ward,27.397,73.0959,5661,Child Vaccination,Vaccine,0,5,1881,1634,247,86.86868686868688,13.131313131313133,Low,9.33404824037513,537.0,Low,Decreasing,6.707785614112504
India,Bihar,Gaya,Block-5,Gaya-Area-9,Ward,27.397,73.0959,5661,TB Screening,Screening,18,80,2376,1541,835,64.85690235690235,35.14309764309764,Medium,24.742297398624284,266.0,Medium,Decreasing,17.71367787000476
India,Bihar,Gaya,Block-5,Gaya-Area-9,Ward,27.397,73.0959,5661,Diabetes Screening,Screening,30,80,2579,2306,273,89.41450174486235,10.58549825513765,Low,7.551977827052292,560.0,Low,Decreasing,5.434878176024763
India,Bihar,Gaya,Block-1,Gaya-Area-10,Village,34.1552,81.5836,9683,Child Vaccination,Vaccine,0,5,4583,2955,1628,64.47741653938468,35.52258346061532,Medium,25.108916632322767,260.0,Medium,Stable,18.004399940199704
India,Bihar,Gaya,Block-1,Gaya-Area-10,Village,34.1552,81.5836,9683,TB Screening,Screening,18,80,2563,1148,1415,44.79126024190402,55.20873975809598,High,38.88922604055923,51.0,Critical,Decreasing,27.847478088940033
India,Bihar,Gaya,Block-1,Gaya-Area-10,Village,34.1552,81.5836,9683,Diabetes Screening,Screening,30,80,4182,3241,941,77.4988043998087,22.501195600191295,Medium,15.993945130025946,422.0,Low,Increasing,11.493706009987688
India,Bihar,Gaya,Block-2,Gaya-Area-11,Village,28.1953,71.1433,10371,Child Vaccination,Vaccine,0,5,4138,3579,559,86.49105848235862,13.508941517641373,Low,9.716640684242007,531.0,Low,Decreasing,7.014852380713732
India,Bihar,Gaya,Block-2,Gaya-Area-11,Village,28.1953,71.1433,10371,TB Screening,Screening,18,80,5405,3112,2293,57.576318223866785,42.42368177613321,High,29.95695886518629,188.0,High,Decreasing,21.47222250995965
India,Bihar,Gaya,Block-2,Gaya-Area-11,Village,28.1953,71.1433,10371,Diabetes Screening,Screening,30,80,3483,2058,1425,59.08699397071489,40.9130060292851,High,28.899485842392615,206.0,High,Increasing,20.716884636535596
India,Bihar,Gaya,Block-3,Gaya-Area-12,Town,21.577,87.0544,3379,Child Vaccination,Vaccine,0,5,1654,720,934,43.53083434099154,56.46916565900847,High,39.613251512398065,39.0,Critical,Decreasing,28.319418380596375
India,Bihar,Gaya,Block-3,Gaya-Area-12,Town,21.577,87.0544,3379,TB Screening,Screening,18,80,1460,1019,441,69.79452054794521,30.205479452054796,Medium,21.228671167530496,336.0,Medium,Increasing,15.187575277119539
India,Bihar,Gaya,Block-3,Gaya-Area-12,Town,21.577,87.0544,3379,Diabetes Screening,Screening,30,80,1201,1069,132,89.00915903413822,10.990840965861782,Low,7.778424227195389,556.0,Low,Decreasing,5.580256034023033
India,Bihar,Gaya,Block-4,Gaya-Area-13,Village,33.941,71.6022,3844,Child Vaccination,Vaccine,0,5,1695,1471,224,86.78466076696165,13.215339233038348,Low,9.347247631341755,536.0,Low,Decreasing,6.704179784734087
India,Bihar,Gaya,Block-4,Gaya-Area-13,Village,33.941,71.6022,3844,TB Screening,Screening,18,80,1677,1327,350,79.1293977340489,20.870602265951103,Medium,14.705931754380684,444.0,Low,Decreasing,10.531811301190464
India,Bihar,Gaya,Block-4,Gaya-Area-13,Village,33.941,71.6022,3844,Diabetes Screening,Screening,30,80,1742,1585,157,90.98737083811712,9.012629161882893,Low,6.405350581532939,575.0,Low,Decreasing,4.60282474915636
India,Bihar,Gaya,Block-5,Gaya-Area-14,Village,24.0659,83.5043,4653,Child Vaccination,Vaccine,0,5,2169,1628,541,75.05763024435224,24.942369755647764,Medium,17.57648032029162,396.0,Low,Stable,12.58800636916207
India,Bihar,Gaya,Block-5,Gaya-Area-14,Village,24.0659,83.5043,4653,TB Screening,Screening,18,80,2083,1742,341,83.62938070091215,16.370619299087856,Low,11.576255000699687,502.0,Low,Stable,8.302131140882116
India,Bihar,Gaya,Block-5,Gaya-Area-14,Village,24.0659,83.5043,4653,Diabetes Screening,Screening,30,80,2333,1586,747,67.98114016288042,32.01885983711959,Medium,22.5300233773219,306.0,Medium,Increasing,16.126251409897982
India,Bihar,Nalanda,Block-2,Nalanda-Area-1,Town,11.2369,87.8057,4833,Child Vaccination,Vaccine,0,5,2119,989,1130,46.672958942897594,53.327041057102406,High,37.45026943793804,75.0,High,Increasing,26.78486122651756
India,Bihar,Nalanda,Block-2,Nalanda-Area-1,Town,11.2369,87.8057,4833,TB Screening,Screening,18,80,2518,1285,1233,51.03256552819698,48.96743447180302,High,34.39854482822847,117.0,High,Decreasing,24.605057933867865
India,Bihar,Nalanda,Block-2,Nalanda-Area-1,Town,11.2369,87.8057,4833,Diabetes Screening,Screening,30,80,2145,1021,1124,47.5990675990676,52.4009324009324,High,36.80199337861904,85.0,High,Increasing,26.321806898432555
India,Bihar,Nalanda,Block-3,Nalanda-Area-2,Ward,24.052,82.3876,7668,Child Vaccination,Vaccine,0,5,2627,2192,435,83.44118766653979,16.55881233346022,Low,11.783686835782184,495.0,Low,Increasing,8.471924369090141
India,Bihar,Nalanda,Block-3,Nalanda-Area-2,Ward,24.052,82.3876,7668,TB Screening,Screening,18,80,2931,1214,1717,41.419310815421355,58.58068918457864,High,41.19900063156507,12.0,Critical,Decreasing,29.48286279464935
India,Bihar,Nalanda,Block-3,Nalanda-Area-2,Ward,24.052,82.3876,7668,Diabetes Screening,Screening,30,80,3250,2290,960,70.46153846153847,29.53846153846154,Medium,20.86944127928311,348.0,Medium,Decreasing,14.9617489715908
India,Bihar,Nalanda,Block-4,Nalanda-Area-3,Ward,23.7592,80.4557,5072,Child Vaccination,Vaccine,0,5,2382,1436,946,60.28547439126785,39.71452560873216,Medium,27.92750912621294,225.0,Medium,Decreasing,19.984604004466508
India,Bihar,Nalanda,Block-4,Nalanda-Area-3,Ward,23.7592,80.4557,5072,TB Screening,Screening,18,80,1405,1183,222,84.19928825622776,15.800711743772242,Low,11.187839420740994,509.0,Low,Decreasing,8.027697071986548
India,Bihar,Nalanda,Block-4,Nalanda-Area-3,Ward,23.7592,80.4557,5072,Diabetes Screening,Screening,30,80,1717,1207,510,70.29702970297029,29.7029702970297,Medium,20.919420408021217,346.0,Medium,Increasing,14.978826348615277
India,Bihar,Nalanda,Block-5,Nalanda-Area-4,Village,26.0826,76.2837,5151,Child Vaccination,Vaccine,0,5,2442,1798,644,73.62817362817363,26.371826371826373,Medium,18.589603089954583,381.0,Medium,Decreasing,13.31523781558931
India,Bihar,Nalanda,Block-5,Nalanda-Area-4,Village,26.0826,76.2837,5151,TB Screening,Screening,18,80,1559,697,862,44.70814624759461,55.29185375240539,High,38.833622256359895,53.0,Critical,Increasing,27.775251505878817
India,Bihar,Nalanda,Block-5,Nalanda-Area-4,Village,26.0826,76.2837,5151,Diabetes Screening,Screening,30,80,1491,850,641,57.008718980549965,42.991281019450035,High,30.223221343291147,182.0,High,Increasing,21.62496513940114
India,Bihar,Nalanda,Block-1,Nalanda-Area-5,Town,11.5337,82.91,8291,Child Vaccination,Vaccine,0,5,3414,3242,172,94.96192149970709,5.038078500292912,Low,3.734814628839233,630.0,Low,Increasing,2.727198928780651
India,Bihar,Nalanda,Block-1,Nalanda-Area-5,Town,11.5337,82.91,8291,TB Screening,Screening,18,80,4489,3570,919,79.52773446201826,20.47226553798173,Medium,14.538745555221407,446.0,Low,Decreasing,10.444292447625061
India,Bihar,Nalanda,Block-1,Nalanda-Area-5,Town,11.5337,82.91,8291,Diabetes Screening,Screening,30,80,3393,2338,1055,68.90657235484822,31.093427645151785,Medium,21.973559030240445,318.0,Medium,Decreasing,15.754873501210088
India,Bihar,Nalanda,Block-2,Nalanda-Area-6,Town,33.0835,88.7147,952,Child Vaccination,Vaccine,0,5,498,409,89,82.1285140562249,17.8714859437751,Low,12.533941742364888,483.0,Low,Increasing,8.95964455360987
India,Bihar,Nalanda,Block-2,Nalanda-Area-6,Town,33.0835,88.7147,952,TB Screening,Screening,18,80,475,405,70,85.26315789473684,14.736842105263156,Low,10.33969105540653,522.0,Low,Decreasing,7.3923226343538975
India,Bihar,Nalanda,Block-2,Nalanda-Area-6,Town,33.0835,88.7147,952,Diabetes Screening,Screening,30,80,311,137,174,44.05144694533762,55.948553054662376,High,39.187888719985985,47.0,Critical,Increasing,27.99817810905351
India,Bihar,Nalanda,Block-3,Nalanda-Area-7,Town,24.7713,81.2599,2438,Child Vaccination,Vaccine,0,5,1212,1132,80,93.3993399339934,6.6006600660066,Low,4.681672189312829,607.0,Low,Increasing,3.3615401761115096
India,Bihar,Nalanda,Block-3,Nalanda-Area-7,Town,24.7713,81.2599,2438,TB Screening,Screening,18,80,961,723,238,75.23413111342352,24.765868886576484,Medium,17.397318363711747,400.0,Low,Decreasing,12.444144586396453
India,Bihar,Nalanda,Block-3,Nalanda-Area-7,Town,24.7713,81.2599,2438,Diabetes Screening,Screening,30,80,1199,776,423,64.72060050041702,35.279399499582986,Medium,24.7567897928163,265.0,Medium,Increasing,17.700909892899702
India,Bihar,Nalanda,Block-4,Nalanda-Area-8,Village,22.5161,80.1177,2970,Child Vaccination,Vaccine,0,5,1407,1089,318,77.39872068230277,22.60127931769723,Medium,15.895462431752861,427.0,Low,Increasing,11.375206568213416
India,Bihar,Nalanda,Block-4,Nalanda-Area-8,Village,22.5161,80.1177,2970,TB Screening,Screening,18,80,1044,615,429,58.90804597701149,41.09195402298851,High,28.838934725456756,211.0,High,Decreasing,20.620543920859056
India,Bihar,Nalanda,Block-4,Nalanda-Area-8,Village,22.5161,80.1177,2970,Diabetes Screening,Screening,30,80,845,746,99,88.28402366863905,11.715976331360947,Low,8.275750341317464,552.0,Low,Increasing,5.932555075045274
India,Bihar,Nalanda,Block-5,Nalanda-Area-9,Town,31.7833,87.5854,6854,Child Vaccination,Vaccine,0,5,3693,3062,631,82.91362036284863,17.086379637151367,Low,12.132547091725264,491.0,Low,Increasing,8.715271164294991
India,Bihar,Nalanda,Block-5,Nalanda-Area-9,Town,31.7833,87.5854,6854,TB Screening,Screening,18,80,2002,1505,497,75.17482517482517,24.825174825174827,Medium,17.549703723341683,397.0,Low,Increasing,12.584668758306721
India,Bihar,Nalanda,Block-5,Nalanda-Area-9,Town,31.7833,87.5854,6854,Diabetes Screening,Screening,30,80,3700,1850,1850,50.0,50.0,High,35.172081345719306,107.0,High,Decreasing,25.172081345719306
India,Bihar,Nalanda,Block-1,Nalanda-Area-10,Town,12.2592,86.6749,5756,Child Vaccination,Vaccine,0,5,2924,2723,201,93.12585499316005,6.874145006839945,Low,4.956415690075433,604.0,Low,Decreasing,3.581586688707444
India,Bihar,Nalanda,Block-1,Nalanda-Area-10,Town,12.2592,86.6749,5756,TB Screening,Screening,18,80,2689,1715,974,63.77835626626999,36.22164373373001,Medium,25.49966479889848,256.0,Medium,Decreasing,18.25533605215248
India,Bihar,Nalanda,Block-1,Nalanda-Area-10,Town,12.2592,86.6749,5756,Diabetes Screening,Screening,30,80,3131,2820,311,90.06707122325136,9.932928776748643,Low,7.097564329011521,565.0,Low,Increasing,5.110978573661793
India,Bihar,Nalanda,Block-2,Nalanda-Area-11,Ward,34.564,86.142,9466,Child Vaccination,Vaccine,0,5,5113,2201,2912,43.04713475454724,56.95286524545276,High,40.10466572705168,30.0,Critical,Increasing,28.71409267796113
India,Bihar,Nalanda,Block-2,Nalanda-Area-11,Ward,34.564,86.142,9466,TB Screening,Screening,18,80,4651,2178,2473,46.82863900236508,53.17136099763492,High,37.45761275357919,73.0,High,Decreasing,26.82334055405221
India,Bihar,Nalanda,Block-2,Nalanda-Area-11,Ward,34.564,86.142,9466,Diabetes Screening,Screening,30,80,3405,1648,1757,48.39941262848752,51.60058737151248,High,36.358071215293485,92.0,High,Stable,26.03795374099099
India,Bihar,Nalanda,Block-3,Nalanda-Area-12,Village,26.0323,81.092,11668,Child Vaccination,Vaccine,0,5,5684,2788,2896,49.04996481351161,50.950035186488385,High,35.95796964686122,98.0,High,Decreasing,25.76796260956355
India,Bihar,Nalanda,Block-3,Nalanda-Area-12,Village,26.0323,81.092,11668,TB Screening,Screening,18,80,2965,1712,1253,57.74030354131534,42.25969645868465,High,29.87473253739861,189.0,High,Increasing,21.422793245661683
India,Bihar,Nalanda,Block-3,Nalanda-Area-12,Village,26.0323,81.092,11668,Diabetes Screening,Screening,30,80,4795,3788,1007,78.99895724713242,21.001042752867573,Medium,14.993674943326658,441.0,Low,Increasing,10.793466392753144
India,Bihar,Nalanda,Block-4,Nalanda-Area-13,Village,33.3511,72.6858,2691,Child Vaccination,Vaccine,0,5,1039,613,426,58.99903753609239,41.000962463907605,High,28.768235863826458,213.0,High,Increasing,20.56804337104494
India,Bihar,Nalanda,Block-4,Nalanda-Area-13,Village,33.3511,72.6858,2691,TB Screening,Screening,18,80,1215,1114,101,91.6872427983539,8.31275720164609,Low,5.886492180243399,588.0,Low,Decreasing,4.223940739914182
India,Bihar,Nalanda,Block-4,Nalanda-Area-13,Village,33.3511,72.6858,2691,Diabetes Screening,Screening,30,80,1215,1084,131,89.21810699588477,10.781893004115227,Low,7.614887241971796,558.0,Low,Increasing,5.458508641148751
India,Bihar,Nalanda,Block-5,Nalanda-Area-14,Village,28.0453,73.109,5416,Child Vaccination,Vaccine,0,5,2303,1992,311,86.49587494572297,13.504125054277031,Low,9.58886544409485,533.0,Low,Increasing,6.8880404332394445
India,Bihar,Nalanda,Block-5,Nalanda-Area-14,Village,28.0453,73.109,5416,TB Screening,Screening,18,80,2690,1446,1244,53.7546468401487,46.2453531598513,High,32.507725117996834,141.0,High,Increasing,23.25865448602658
India,Bihar,Nalanda,Block-5,Nalanda-Area-14,Village,28.0453,73.109,5416,Diabetes Screening,Screening,30,80,2881,2158,723,74.90454703228046,25.095452967719538,Medium,17.702794983504607,393.0,Medium,Decreasing,12.683704389960697
India,West Bengal,Kolkata,Block-2,Kolkata-Area-1,Ward,13.687,76.8576,11191,Child Vaccination,Vaccine,0,5,3161,2222,939,70.29421069281872,29.705789307181274,Medium,21.0750216337816,341.0,Medium,Decreasing,15.133863772345345
India,West Bengal,Kolkata,Block-2,Kolkata-Area-1,Ward,13.687,76.8576,11191,TB Screening,Screening,18,80,3582,1679,1903,46.873255164712454,53.12674483528755,High,37.469690503455986,72.0,High,Decreasing,26.844341536398485
India,West Bengal,Kolkata,Block-2,Kolkata-Area-1,Ward,13.687,76.8576,11191,Diabetes Screening,Screening,30,80,2881,1632,1249,56.64699757028809,43.35300242971191,High,30.62807081955304,174.0,High,Decreasing,21.95747033361066
India,West Bengal,Kolkata,Block-3,Kolkata-Area-2,Town,21.646,75.0224,1632,Child Vaccination,Vaccine,0,5,840,582,258,69.28571428571428,30.714285714285715,Medium,21.540974140095404,328.0,Medium,Decreasing,15.398116997238263
India,West Bengal,Kolkata,Block-3,Kolkata-Area-2,Town,21.646,75.0224,1632,TB Screening,Screening,18,80,682,461,221,67.59530791788856,32.40469208211144,Medium,22.72425859757341,303.0,Medium,Decreasing,16.243320181151123
India,West Bengal,Kolkata,Block-3,Kolkata-Area-2,Town,21.646,75.0224,1632,Diabetes Screening,Screening,30,80,856,421,435,49.18224299065421,50.8177570093458,High,35.61340404663746,100.0,High,Decreasing,25.449852644768303
India,West Bengal,Kolkata,Block-4,Kolkata-Area-3,Village,25.1257,86.587,1522,Child Vaccination,Vaccine,0,5,481,441,40,91.68399168399168,8.316008316008316,Low,5.859418223917346,589.0,Low,Stable,4.1962165607156825
India,West Bengal,Kolkata,Block-4,Kolkata-Area-3,Village,25.1257,86.587,1522,TB Screening,Screening,18,80,409,198,211,48.41075794621027,51.58924205378973,High,36.150681840364335,94.0,High,Decreasing,25.83283342960639
India,West Bengal,Kolkata,Block-4,Kolkata-Area-3,Village,25.1257,86.587,1522,Diabetes Screening,Screening,30,80,756,576,180,76.19047619047619,23.809523809523807,Medium,16.704879069378187,413.0,Low,Increasing,11.942974307473428
India,West Bengal,Kolkata,Block-5,Kolkata-Area-4,Village,17.006,72.6164,5091,Child Vaccination,Vaccine,0,5,2661,2119,542,79.63171739947387,20.36828260052612,Medium,14.385616047835015,450.0,Low,Decreasing,10.311959527729792
India,West Bengal,Kolkata,Block-5,Kolkata-Area-4,Village,17.006,72.6164,5091,TB Screening,Screening,18,80,1734,1270,464,73.24106113033449,26.75893886966551,Medium,18.85907543623259,373.0,Medium,Decreasing,13.507287662299488
India,West Bengal,Kolkata,Block-5,Kolkata-Area-4,Village,17.006,72.6164,5091,Diabetes Screening,Screening,30,80,1896,1636,260,86.28691983122363,13.71308016877637,Low,9.726974345610191,530.0,Low,Decreasing,6.984358311854919
India,West Bengal,Kolkata,Block-1,Kolkata-Area-5,Village,28.0132,81.0336,7807,Child Vaccination,Vaccine,0,5,2279,1618,661,70.99605089951733,29.003949100482668,Medium,20.49877240448298,352.0,Medium,Decreasing,14.69798258438645
India,West Bengal,Kolkata,Block-1,Kolkata-Area-5,Village,28.0132,81.0336,7807,TB Screening,Screening,18,80,4167,3558,609,85.38516918646508,14.614830813534919,Low,10.426389603619558,521.0,Low,Increasing,7.503423440912576
India,West Bengal,Kolkata,Block-1,Kolkata-Area-5,Village,28.0132,81.0336,7807,Diabetes Screening,Screening,30,80,2664,1107,1557,41.55405405405405,58.445945945945944,High,41.10817019630728,15.0,Critical,Increasing,29.418981007118088
India,West Bengal,Kolkata,Block-2,Kolkata-Area-6,Ward,8.2611,71.5049,3242,Child Vaccination,Vaccine,0,5,1289,547,742,42.43599689681924,57.56400310318076,High,40.37619810494057,25.0,Critical,Decreasing,28.863397484304414
India,West Bengal,Kolkata,Block-2,Kolkata-Area-6,Ward,8.2611,71.5049,3242,TB Screening,Screening,18,80,905,681,224,75.24861878453038,24.751381215469614,Medium,17.407362783542762,399.0,Low,Increasing,12.457086540448842
India,West Bengal,Kolkata,Block-2,Kolkata-Area-6,Ward,8.2611,71.5049,3242,Diabetes Screening,Screening,30,80,1673,1199,474,71.66766288105201,28.332337118947997,Medium,19.91403191597763,364.0,Medium,Increasing,14.247564492188033
India,West Bengal,Kolkata,Block-3,Kolkata-Area-7,Ward,8.9728,77.3843,9852,Child Vaccination,Vaccine,0,5,2863,2170,693,75.79462102689487,24.205378973105134,Medium,17.191116523955415,404.0,Low,Increasing,12.35004072933439
India,West Bengal,Kolkata,Block-3,Kolkata-Area-7,Ward,8.9728,77.3843,9852,TB Screening,Screening,18,80,3803,3125,678,82.17196949776492,17.82803050223508,Low,12.726972594346378,477.0,Low,Decreasing,9.161366493899363
India,West Bengal,Kolkata,Block-3,Kolkata-Area-7,Ward,8.9728,77.3843,9852,Diabetes Screening,Screening,30,80,4444,2795,1649,62.89378937893789,37.10621062106211,Medium,26.221698677525296,249.0,Medium,Decreasing,18.800456553312877
India,West Bengal,Kolkata,Block-4,Kolkata-Area-8,Village,19.6042,70.8366,6774,Child Vaccination,Vaccine,0,5,3203,2406,797,75.1170777396191,24.882922260380894,Medium,17.588118391706747,395.0,Low,Increasing,12.611533939630569
India,West Bengal,Kolkata,Block-4,Kolkata-Area-8,Village,19.6042,70.8366,6774,TB Screening,Screening,18,80,3615,2436,1179,67.38589211618257,32.614107883817425,Medium,22.999948328112318,296.0,Medium,Decreasing,16.477126751348834
India,West Bengal,Kolkata,Block-4,Kolkata-Area-8,Village,19.6042,70.8366,6774,Diabetes Screening,Screening,30,80,2545,1895,650,74.4597249508841,25.540275049115913,Medium,18.04826534382126,388.0,Medium,Decreasing,12.940210333998078
India,West Bengal,Kolkata,Block-5,Kolkata-Area-9,Village,32.271,74.2015,4888,Child Vaccination,Vaccine,0,5,2310,1292,1018,55.93073593073593,44.06926406926407,High,30.971206415143147,167.0,High,Increasing,22.157353601290335
India,West Bengal,Kolkata,Block-5,Kolkata-Area-9,Village,32.271,74.2015,4888,TB Screening,Screening,18,80,1448,1341,107,92.61049723756905,7.38950276243094,Low,5.295373500359955,599.0,Low,Decreasing,3.817472947873768
India,West Bengal,Kolkata,Block-5,Kolkata-Area-9,Village,32.271,74.2015,4888,Diabetes Screening,Screening,30,80,1830,1218,612,66.55737704918033,33.442622950819676,Medium,23.53255763223207,287.0,Medium,Increasing,16.844033042068137
India,West Bengal,Kolkata,Block-1,Kolkata-Area-10,Ward,10.7754,85.6023,7458,Child Vaccination,Vaccine,0,5,2086,1757,329,84.22818791946308,15.771812080536913,Low,11.227514251003003,507.0,Low,Increasing,8.073151834895622
India,West Bengal,Kolkata,Block-1,Kolkata-Area-10,Ward,10.7754,85.6023,7458,TB Screening,Screening,18,80,2959,2298,661,77.6613720851639,22.338627914836092,Medium,15.824285335012428,428.0,Low,Increasing,11.35655975204521
India,West Bengal,Kolkata,Block-1,Kolkata-Area-10,Ward,10.7754,85.6023,7458,Diabetes Screening,Screening,30,80,2777,1565,1212,56.35577961829312,43.64422038170688,High,30.73820006182198,171.0,High,Decreasing,22.009355985480607
India,West Bengal,Kolkata,Block-2,Kolkata-Area-11,Ward,28.2359,88.5153,4678,Child Vaccination,Vaccine,0,5,2504,1102,1402,44.009584664536746,55.99041533546326,High,39.31073989374971,43.0,Critical,Increasing,28.112656826657062
India,West Bengal,Kolkata,Block-2,Kolkata-Area-11,Ward,28.2359,88.5153,4678,TB Screening,Screening,18,80,1215,526,689,43.29218106995884,56.70781893004116,High,39.81292240995424,34.0,Critical,Decreasing,28.47135862394601
India,West Bengal,Kolkata,Block-2,Kolkata-Area-11,Ward,28.2359,88.5153,4678,Diabetes Screening,Screening,30,80,1689,1083,606,64.12078152753108,35.879218472468914,Medium,25.23290208965367,258.0,Medium,Decreasing,18.05705839515989
India,West Bengal,Kolkata,Block-3,Kolkata-Area-12,Village,34.3576,86.2154,7555,Child Vaccination,Vaccine,0,5,2893,1927,966,66.60905634289665,33.39094365710335,Medium,23.563341704838024,286.0,Medium,Decreasing,16.885152973417355
India,West Bengal,Kolkata,Block-3,Kolkata-Area-12,Village,34.3576,86.2154,7555,TB Screening,Screening,18,80,4043,2070,1973,51.19960425426663,48.80039574573337,High,34.349958166879034,119.0,High,Increasing,24.589879017732365
India,West Bengal,Kolkata,Block-3,Kolkata-Area-12,Village,34.3576,86.2154,7555,Diabetes Screening,Screening,30,80,3827,2807,1020,73.34726940162007,26.652730598379932,Medium,18.846592563731633,374.0,Medium,Decreasing,13.516046444055645
India,West Bengal,Kolkata,Block-4,Kolkata-Area-13,Village,12.8427,88.4897,7545,Child Vaccination,Vaccine,0,5,2111,1207,904,57.17669351018475,42.82330648981525,High,30.165744620701457,184.0,High,Stable,21.601083322738408
India,West Bengal,Kolkata,Block-4,Kolkata-Area-13,Village,12.8427,88.4897,7545,TB Screening,Screening,18,80,3438,2733,705,79.49389179755671,20.506108202443283,Medium,14.543705819541078,445.0,Low,Increasing,10.442484179052423
India,West Bengal,Kolkata,Block-4,Kolkata-Area-13,Village,12.8427,88.4897,7545,Diabetes Screening,Screening,30,80,3118,2506,612,80.37203335471456,19.62796664528544,Low,13.929006729530588,461.0,Low,Decreasing,10.003413400473502
India,West Bengal,Kolkata,Block-5,Kolkata-Area-14,Ward,31.3297,86.215,5171,Child Vaccination,Vaccine,0,5,2809,2453,356,87.32645069419722,12.673549305802778,Low,9.001311277807863,540.0,Low,Decreasing,6.466601416647309
India,West Bengal,Kolkata,Block-5,Kolkata-Area-14,Ward,31.3297,86.215,5171,TB Screening,Screening,18,80,1849,1731,118,93.61817198485667,6.38182801514332,Low,4.597106374346244,611.0,Low,Increasing,3.3207407713175803
India,West Bengal,Kolkata,Block-5,Kolkata-Area-14,Ward,31.3297,86.215,5171,Diabetes Screening,Screening,30,80,1910,901,1009,47.17277486910994,52.82722513089006,High,37.10888435536896,76.0,High,Decreasing,26.54343932919095
India,West Bengal,Medinipur,Block-2,Medinipur-Area-1,Village,29.2591,72.1619,1434,Child Vaccination,Vaccine,0,5,440,265,175,60.22727272727273,39.77272727272727,Medium,27.876912103713508,226.0,Medium,Decreasing,19.922366649168055
India,West Bengal,Medinipur,Block-2,Medinipur-Area-1,Village,29.2591,72.1619,1434,TB Screening,Screening,18,80,411,291,120,70.8029197080292,29.1970802919708,Medium,20.473959217183975,353.0,Medium,Decreasing,14.634543158789818
India,West Bengal,Medinipur,Block-2,Medinipur-Area-1,Village,29.2591,72.1619,1434,Diabetes Screening,Screening,30,80,723,416,307,57.53803596127247,42.46196403872752,High,29.759377839913682,192.0,High,Increasing,21.26698503216818
India,West Bengal,Medinipur,Block-3,Medinipur-Area-2,Town,14.0057,86.3317,8341,Child Vaccination,Vaccine,0,5,3223,2116,1107,65.65311821284517,34.34688178715483,Medium,24.252232264817067,275.0,Medium,Decreasing,17.3828559073861
India,West Bengal,Medinipur,Block-3,Medinipur-Area-2,Town,14.0057,86.3317,8341,TB Screening,Screening,18,80,3743,2047,1696,54.68875233769703,45.31124766230297,High,31.927288377420762,151.0,High,Increasing,22.86503884496017
India,West Bengal,Medinipur,Block-3,Medinipur-Area-2,Town,14.0057,86.3317,8341,Diabetes Screening,Screening,30,80,3690,1979,1711,53.63143631436314,46.36856368563686,High,32.667409593754485,135.0,High,Increasing,23.393696856627116
India,West Bengal,Medinipur,Block-4,Medinipur-Area-3,Town,16.2402,85.9069,4528,Child Vaccination,Vaccine,0,5,1943,880,1063,45.29078744209984,54.70921255790016,High,38.410131943932065,57.0,High,Increasing,27.468289432352037
India,West Bengal,Medinipur,Block-4,Medinipur-Area-3,Town,16.2402,85.9069,4528,TB Screening,Screening,18,80,1161,649,512,55.900086132644276,44.09991386735573,High,30.983622860550966,166.0,High,Decreasing,22.163640087079823
India,West Bengal,Medinipur,Block-4,Medinipur-Area-3,Town,16.2402,85.9069,4528,Diabetes Screening,Screening,30,80,2200,1344,856,61.09090909090909,38.90909090909091,Medium,27.350046789765592,234.0,Medium,Increasing,19.56822860794741
India,West Bengal,Medinipur,Block-5,Medinipur-Area-4,Village,8.6389,73.8626,6178,Child Vaccination,Vaccine,0,5,1995,1473,522,73.8345864661654,26.165413533834585,Medium,18.47089868784439,385.0,Medium,Decreasing,13.237815981077473
India,West Bengal,Medinipur,Block-5,Medinipur-Area-4,Village,8.6389,73.8626,6178,TB Screening,Screening,18,80,1777,953,824,53.62971299943725,46.37028700056275,High,32.61431011455411,137.0,High,Increasing,23.340252714441554
India,West Bengal,Medinipur,Block-5,Medinipur-Area-4,Village,8.6389,73.8626,6178,Diabetes Screening,Screening,30,80,2590,2268,322,87.56756756756758,12.432432432432433,Low,8.857811916862884,542.0,Low,Decreasing,6.371325430376397
India,West Bengal,Medinipur,Block-1,Medinipur-Area-5,Town,31.3375,89.3378,5373,Child Vaccination,Vaccine,0,5,1453,708,745,48.72677219545768,51.27322780454233,High,36.0261577810305,96.0,High,Increasing,25.77151222012203
India,West Bengal,Medinipur,Block-1,Medinipur-Area-5,Town,31.3375,89.3378,5373,TB Screening,Screening,18,80,2576,1494,1082,57.996894409937894,42.00310559006211,High,29.537072230894342,196.0,High,Decreasing,21.13645111288192
India,West Bengal,Medinipur,Block-1,Medinipur-Area-5,Town,31.3375,89.3378,5373,Diabetes Screening,Screening,30,80,1677,1203,474,71.73524150268337,28.264758497316638,Medium,19.920229265972512,363.0,Medium,Increasing,14.267277566509184
India,West Bengal,Medinipur,Block-2,Medinipur-Area-6,Town,25.32,77.9936,9585,Child Vaccination,Vaccine,0,5,3017,1725,1292,57.1760026516407,42.8239973483593,High,30.217445896801546,183.0,High,Increasing,21.65264642712969
India,West Bengal,Medinipur,Block-2,Medinipur-Area-6,Town,25.32,77.9936,9585,TB Screening,Screening,18,80,4897,4014,883,81.9685521748009,18.031447825199102,Low,12.862661230589408,475.0,Low,Increasing,9.256371665549588
India,West Bengal,Medinipur,Block-2,Medinipur-Area-6,Town,25.32,77.9936,9585,Diabetes Screening,Screening,30,80,3341,2251,1090,67.37503741394792,32.62496258605208,Medium,23.078121563186492,294.0,Medium,Increasing,16.55312904597608
India,West Bengal,Medinipur,Block-3,Medinipur-Area-7,Town,33.3594,72.3068,5079,Child Vaccination,Vaccine,0,5,1494,1020,474,68.27309236947792,31.72690763052209,Medium,22.336352288390316,310.0,Medium,Stable,15.9909707622859
India,West Bengal,Medinipur,Block-3,Medinipur-Area-7,Town,33.3594,72.3068,5079,TB Screening,Screening,18,80,2641,1780,861,67.39871260886028,32.60128739113972,Medium,22.94841812082266,298.0,Medium,Increasing,16.428160642594715
India,West Bengal,Medinipur,Block-3,Medinipur-Area-7,Town,33.3594,72.3068,5079,Diabetes Screening,Screening,30,80,1274,725,549,56.907378335949765,43.092621664050235,High,30.292352111860016,180.0,High,Decreasing,21.673827779049972
India,West Bengal,Medinipur,Block-4,Medinipur-Area-8,Village,23.6759,89.671,1426,Child Vaccination,Vaccine,0,5,723,298,425,41.21715076071922,58.78284923928078,High,41.18379662667304,13.0,Critical,Decreasing,29.42722677881689
India,West Bengal,Medinipur,Block-4,Medinipur-Area-8,Village,23.6759,89.671,1426,TB Screening,Screening,18,80,418,384,34,91.86602870813397,8.133971291866029,Low,5.72958206348272,592.0,Low,Decreasing,4.102787805109514
India,West Bengal,Medinipur,Block-4,Medinipur-Area-8,Village,23.6759,89.671,1426,Diabetes Screening,Screening,30,80,412,279,133,67.71844660194175,32.28155339805826,Medium,22.63288953781728,305.0,Medium,Decreasing,16.17657885820563
India,West Bengal,Medinipur,Block-5,Medinipur-Area-9,Village,24.1074,76.9137,5939,Child Vaccination,Vaccine,0,5,1931,1799,132,93.16416364577938,6.835836354220611,Low,4.934194159980538,605.0,Low,Decreasing,3.5670268891364163
India,West Bengal,Medinipur,Block-5,Medinipur-Area-9,Village,24.1074,76.9137,5939,TB Screening,Screening,18,80,1795,930,865,51.81058495821726,48.18941504178273,High,33.88169924127402,123.0,High,Increasing,24.243816232917474
India,West Bengal,Medinipur,Block-5,Medinipur-Area-9,Village,24.1074,76.9137,5939,Diabetes Screening,Screening,30,80,2662,1581,1081,59.39143501126972,40.60856498873028,High,28.575104204137304,216.0,High,Decreasing,20.453391206391252
India,West Bengal,Medinipur,Block-1,Medinipur-Area-10,Town,24.3676,80.2285,7111,Child Vaccination,Vaccine,0,5,1832,783,1049,42.74017467248908,57.25982532751092,High,40.26041149777384,27.0,Critical,Decreasing,28.80844643227165
India,West Bengal,Medinipur,Block-1,Medinipur-Area-10,Town,24.3676,80.2285,7111,TB Screening,Screening,18,80,1809,1215,594,67.16417910447761,32.83582089552239,Medium,23.163608395381864,292.0,Medium,Decreasing,16.596444216277387
India,West Bengal,Medinipur,Block-1,Medinipur-Area-10,Town,24.3676,80.2285,7111,Diabetes Screening,Screening,30,80,3463,3065,398,88.50707479064394,11.49292520935605,Low,8.223581415065429,553.0,Low,Decreasing,5.924996373194219
India,West Bengal,Medinipur,Block-2,Medinipur-Area-11,Ward,13.1321,70.8877,7944,Child Vaccination,Vaccine,0,5,2553,1939,614,75.94986290638465,24.050137093615355,Medium,17.03454361805397,409.0,Low,Decreasing,12.224516199330902
India,West Bengal,Medinipur,Block-2,Medinipur-Area-11,Ward,13.1321,70.8877,7944,TB Screening,Screening,18,80,2757,1816,941,65.86869785999274,34.13130214000725,Medium,24.091359150528294,279.0,Medium,Decreasing,17.265098722526847
India,West Bengal,Medinipur,Block-2,Medinipur-Area-11,Ward,13.1321,70.8877,7944,Diabetes Screening,Screening,30,80,2401,1669,732,69.51270304039984,30.48729695960017,Medium,21.540555524243338,329.0,Medium,Increasing,15.443096132323308
India,West Bengal,Medinipur,Block-3,Medinipur-Area-12,Village,22.0378,86.1302,11787,Child Vaccination,Vaccine,0,5,3132,2712,420,86.59003831417624,13.409961685823754,Low,9.682905894111274,532.0,Low,Increasing,7.000913556946524
India,West Bengal,Medinipur,Block-3,Medinipur-Area-12,Village,22.0378,86.1302,11787,TB Screening,Screening,18,80,5569,3547,2022,63.691865685042195,36.308134314957805,Medium,25.71162673450511,254.0,Medium,Stable,18.44999987151355
India,West Bengal,Medinipur,Block-3,Medinipur-Area-12,Village,22.0378,86.1302,11787,Diabetes Screening,Screening,30,80,4807,4255,552,88.51674641148325,11.483253588516746,Low,8.334210225996369,550.0,Low,Decreasing,6.03755950829302
India,West Bengal,Medinipur,Block-4,Medinipur-Area-13,Village,17.834,71.3995,11682,Child Vaccination,Vaccine,0,5,5533,4427,1106,80.0108440267486,19.989155973251403,Low,14.285705691444196,455.0,Low,Increasing,10.287874496793917
India,West Bengal,Medinipur,Block-4,Medinipur-Area-13,Village,17.834,71.3995,11682,TB Screening,Screening,18,80,4589,3763,826,82.00043582479843,17.99956417520157,Low,12.892991432809314,474.0,Low,Increasing,9.293078597769
India,West Bengal,Medinipur,Block-4,Medinipur-Area-13,Village,17.834,71.3995,11682,Diabetes Screening,Screening,30,80,5647,3395,2252,60.12041792102001,39.87958207897999,Medium,28.209003965454208,219.0,Medium,Increasing,20.23308754965821
India,West Bengal,Medinipur,Block-5,Medinipur-Area-14,Town,24.8252,83.2677,2841,Child Vaccination,Vaccine,0,5,1147,711,436,61.987794245858765,38.012205754141235,Medium,26.679872172513473,242.0,Medium,Increasing,19.07743102168523
India,West Bengal,Medinipur,Block-5,Medinipur-Area-14,Town,24.8252,83.2677,2841,TB Screening,Screening,18,80,803,573,230,71.3574097135741,28.6425902864259,Medium,20.12114134511274,359.0,Medium,Decreasing,14.392623287827561
India,West Bengal,Medinipur,Block-5,Medinipur-Area-14,Town,24.8252,83.2677,2841,Diabetes Screening,Screening,30,80,1139,577,562,50.658472344161545,49.341527655838455,High,34.61039750370153,113.0,High,Increasing,24.74209197253384
India,West Bengal,Howrah,Block-2,Howrah-Area-1,Ward,32.3013,80.1425,11726,Child Vaccination,Vaccine,0,5,6257,4406,1851,70.4171328112514,29.5828671887486,Medium,21.00240823724579,342.0,Medium,Decreasing,15.085834799496068
India,West Bengal,Howrah,Block-2,Howrah-Area-1,Ward,32.3013,80.1425,11726,TB Screening,Screening,18,80,3084,1358,1726,44.0337224383917,55.9662775616083,High,39.470795498247575,42.0,Critical,Increasing,28.27753998592592
India,West Bengal,Howrah,Block-2,Howrah-Area-1,Ward,32.3013,80.1425,11726,Diabetes Screening,Screening,30,80,5686,3851,1835,67.72775237425255,32.272247625747454,Medium,22.884974543144985,299.0,Medium,Increasing,16.430525017995496
India,West Bengal,Howrah,Block-3,Howrah-Area-2,Town,16.8069,83.9442,9883,Child Vaccination,Vaccine,0,5,5041,4135,906,82.02737552073002,17.972624479269985,Low,12.828966686078997,476.0,Low,Decreasing,9.234441790225
India,West Bengal,Howrah,Block-3,Howrah-Area-2,Town,16.8069,83.9442,9883,TB Screening,Screening,18,80,4016,2224,1792,55.37848605577689,44.6215139442231,High,31.483189311546177,156.0,High,Decreasing,22.55888652270156
India,West Bengal,Howrah,Block-3,Howrah-Area-2,Town,16.8069,83.9442,9883,Diabetes Screening,Screening,30,80,3828,3613,215,94.38349007314525,5.6165099268547545,Low,4.179686499388335,620.0,Low,Decreasing,3.0563845140173846
India,West Bengal,Howrah,Block-4,Howrah-Area-3,Village,13.1797,83.2986,7011,Child Vaccination,Vaccine,0,5,3780,2926,854,77.4074074074074,22.59259259259259,Medium,15.990837912982023,423.0,Low,Decreasing,11.472319394463506
India,West Bengal,Howrah,Block-4,Howrah-Area-3,Village,13.1797,83.2986,7011,TB Screening,Screening,18,80,1880,874,1006,46.48936170212766,53.51063829787234,High,37.63346990667785,67.0,High,Increasing,26.93134224710338
India,West Bengal,Howrah,Block-4,Howrah-Area-3,Village,13.1797,83.2986,7011,Diabetes Screening,Screening,30,80,2760,2584,176,93.6231884057971,6.3768115942028984,Low,4.6397912141092394,608.0,Low,Decreasing,3.36442889526866
India,West Bengal,Howrah,Block-5,Howrah-Area-4,Ward,28.1996,73.4805,10124,Child Vaccination,Vaccine,0,5,3750,2312,1438,61.653333333333336,38.34666666666667,Medium,27.096846932797728,238.0,Medium,Increasing,19.427513599464394
India,West Bengal,Howrah,Block-5,Howrah-Area-4,Ward,28.1996,73.4805,10124,TB Screening,Screening,18,80,4614,3862,752,83.70177719982661,16.298222800173384,Low,11.662936226252425,498.0,Low,Increasing,8.403291666217749
India,West Bengal,Howrah,Block-5,Howrah-Area-4,Ward,28.1996,73.4805,10124,Diabetes Screening,Screening,30,80,4020,2357,1663,58.631840796019894,41.3681592039801,High,29.211891708917125,201.0,High,Decreasing,20.938259868121108
India,West Bengal,Howrah,Block-1,Howrah-Area-5,Town,18.964,86.6745,5778,Child Vaccination,Vaccine,0,5,3021,2768,253,91.62528963919232,8.37471036080768,Low,6.0073637853296225,587.0,Low,Decreasing,4.332421713168087
India,West Bengal,Howrah,Block-1,Howrah-Area-5,Town,18.964,86.6745,5778,TB Screening,Screening,18,80,1571,1280,291,81.47676639083386,18.523233609166137,Low,13.111330059180544,470.0,Low,Decreasing,9.406683337347317
India,West Bengal,Howrah,Block-1,Howrah-Area-5,Town,18.964,86.6745,5778,Diabetes Screening,Screening,30,80,1584,807,777,50.9469696969697,49.053030303030305,High,34.48218774488546,116.0,High,Increasing,24.6715816842794
India,West Bengal,Howrah,Block-2,Howrah-Area-6,Town,13.6749,85.7152,10739,Child Vaccination,Vaccine,0,5,4644,3158,1486,68.00172265288545,31.998277347114556,Medium,22.66841503175749,304.0,Medium,Increasing,16.26875956233458
India,West Bengal,Howrah,Block-2,Howrah-Area-6,Town,13.6749,85.7152,10739,TB Screening,Screening,18,80,2896,1954,942,67.47237569060773,32.527624309392266,Medium,23.03895790535189,295.0,Medium,Decreasing,16.533433043473437
India,West Bengal,Howrah,Block-2,Howrah-Area-6,Town,13.6749,85.7152,10739,Diabetes Screening,Screening,30,80,3570,1516,2054,42.46498599439776,57.535014005602235,High,40.544130692698864,21.0,Critical,Increasing,29.03712789157842
India,West Bengal,Howrah,Block-3,Howrah-Area-7,Ward,16.7007,78.8357,11869,Child Vaccination,Vaccine,0,5,5221,2481,2740,47.519632254357404,52.480367745642596,High,37.03424888567063,77.0,High,Decreasing,26.53817533654211
India,West Bengal,Howrah,Block-3,Howrah-Area-7,Ward,16.7007,78.8357,11869,TB Screening,Screening,18,80,4919,2868,2051,58.304533441756455,41.695466558243545,High,29.484818054491292,198.0,High,Increasing,21.145724742842585
India,West Bengal,Howrah,Block-3,Howrah-Area-7,Ward,16.7007,78.8357,11869,Diabetes Screening,Screening,30,80,4125,2724,1401,66.03636363636363,33.96363636363636,Medium,24.072536918266263,281.0,Medium,Decreasing,17.279809645538993
India,West Bengal,Howrah,Block-4,Howrah-Area-8,Village,21.8017,85.8747,3580,Child Vaccination,Vaccine,0,5,1963,1278,685,65.10443199184921,34.89556800815079,Medium,24.51677960419915,271.0,Medium,Decreasing,17.537666002568994
India,West Bengal,Howrah,Block-4,Howrah-Area-8,Village,21.8017,85.8747,3580,TB Screening,Screening,18,80,1464,1073,391,73.29234972677595,26.707650273224044,Medium,18.78523718975043,376.0,Medium,Increasing,13.443707135105619
India,West Bengal,Howrah,Block-4,Howrah-Area-8,Village,21.8017,85.8747,3580,Diabetes Screening,Screening,30,80,1382,944,438,68.3068017366136,31.693198263386396,Medium,22.275120782864075,314.0,Medium,Increasing,15.936481130186795
India,West Bengal,Howrah,Block-5,Howrah-Area-9,Ward,10.2895,80.309,11170,Child Vaccination,Vaccine,0,5,4821,2798,2023,58.03775150383738,41.96224849616262,High,29.654015825295254,195.0,High,Increasing,21.261566126062732
India,West Bengal,Howrah,Block-5,Howrah-Area-9,Ward,10.2895,80.309,11170,TB Screening,Screening,18,80,3124,2302,822,73.68758002560818,26.312419974391805,Medium,18.699135860055684,379.0,Medium,Increasing,13.436651865177323
India,West Bengal,Howrah,Block-5,Howrah-Area-9,Ward,10.2895,80.309,11170,Diabetes Screening,Screening,30,80,5144,2517,2627,48.93079315707621,51.0692068429238,High,36.02888666802808,95.0,High,Decreasing,25.81504529944332
India,West Bengal,Howrah,Block-1,Howrah-Area-10,Ward,17.0501,86.3685,4648,Child Vaccination,Vaccine,0,5,2351,2221,130,94.47043811144194,5.529561888558061,Low,3.9873892798113806,624.0,Low,Decreasing,2.881476902099769
India,West Bengal,Howrah,Block-1,Howrah-Area-10,Ward,17.0501,86.3685,4648,TB Screening,Screening,18,80,2069,1668,401,80.61865635572741,19.381343644272594,Low,13.683636508811553,465.0,Low,Increasing,9.807367779957035
India,West Bengal,Howrah,Block-1,Howrah-Area-10,Ward,17.0501,86.3685,4648,Diabetes Screening,Screening,30,80,2234,1261,973,56.44583706356312,43.55416293643689,High,30.604610013326557,176.0,High,Decreasing,21.893777426039183
India,West Bengal,Howrah,Block-2,Howrah-Area-11,Ward,16.3813,86.1313,3214,Child Vaccination,Vaccine,0,5,1498,876,622,58.47797062750334,41.52202937249666,High,29.14611350576398,202.0,High,Increasing,20.84170763126465
India,West Bengal,Howrah,Block-2,Howrah-Area-11,Ward,16.3813,86.1313,3214,TB Screening,Screening,18,80,1010,864,146,85.54455445544555,14.455445544554454,Low,10.199504826204436,525.0,Low,Decreasing,7.308415717293546
India,West Bengal,Howrah,Block-2,Howrah-Area-11,Ward,16.3813,86.1313,3214,Diabetes Screening,Screening,30,80,1238,857,381,69.22455573505655,30.77544426494346,Medium,21.62350393047674,326.0,Medium,Increasing,15.468415077488048
India,West Bengal,Howrah,Block-3,Howrah-Area-12,Village,9.2478,89.6787,10815,Child Vaccination,Vaccine,0,5,3445,2720,725,78.95500725689405,21.04499274310595,Medium,15.003023918416694,439.0,Low,Decreasing,10.794025369795506
India,West Bengal,Howrah,Block-3,Howrah-Area-12,Village,9.2478,89.6787,10815,TB Screening,Screening,18,80,3803,2148,1655,56.481724953983694,43.5182750460163,High,30.734321530453936,172.0,High,Increasing,22.03066652125068
India,West Bengal,Howrah,Block-3,Howrah-Area-12,Village,9.2478,89.6787,10815,Diabetes Screening,Screening,30,80,4175,3543,632,84.8622754491018,15.137724550898204,Low,10.867936183871272,514.0,Low,Increasing,7.840391273691632
India,West Bengal,Howrah,Block-4,Howrah-Area-13,Village,20.2962,87.7227,10231,Child Vaccination,Vaccine,0,5,3834,2310,1524,60.25039123630673,39.749608763693274,Medium,28.08159281798976,222.0,Medium,Increasing,20.131671065251105
India,West Bengal,Howrah,Block-4,Howrah-Area-13,Village,20.2962,87.7227,10231,TB Screening,Screening,18,80,2849,2195,654,77.04457704457704,22.955422955422954,Medium,16.325662752200536,418.0,Low,Decreasing,11.734578161115946
India,West Bengal,Howrah,Block-4,Howrah-Area-13,Village,20.2962,87.7227,10231,Diabetes Screening,Screening,30,80,3867,3630,237,93.87121799844842,6.12878200155159,Low,4.5470140844905815,612.0,Low,Decreasing,3.321257684180264
India,West Bengal,Howrah,Block-5,Howrah-Area-14,Village,27.3953,77.6796,7347,Child Vaccination,Vaccine,0,5,3302,2380,922,72.07752877044216,27.922471229557843,Medium,19.730188811230285,366.0,Medium,Decreasing,14.145694565318715
India,West Bengal,Howrah,Block-5,Howrah-Area-14,Village,27.3953,77.6796,7347,TB Screening,Screening,18,80,2661,2230,431,83.80308154829011,16.196918451709884,Low,11.522301866736711,503.0,Low,Decreasing,8.282918176394736
India,West Bengal,Howrah,Block-5,Howrah-Area-14,Village,27.3953,77.6796,7347,Diabetes Screening,Screening,30,80,2173,1736,437,79.88955361251726,20.110446387482742,Medium,14.261771421777713,456.0,Low,Decreasing,10.239682144281165
India,Maharashtra,Pune,Block-2,Pune-Area-1,Village,11.9844,83.7524,2546,Child Vaccination,Vaccine,0,5,1341,1043,298,77.77777777777779,22.22222222222222,Medium,15.619477222640665,431.0,Low,Increasing,11.175032778196222
India,Maharashtra,Pune,Block-2,Pune-Area-1,Village,11.9844,83.7524,2546,TB Screening,Screening,18,80,687,284,403,41.3391557496361,58.660844250363894,High,41.12651264233983,14.0,Critical,Decreasing,29.39434379226706
India,Maharashtra,Pune,Block-2,Pune-Area-1,Village,11.9844,83.7524,2546,Diabetes Screening,Screening,30,80,1271,840,431,66.08969315499607,33.91030684500394,Medium,23.801136458587866,283.0,Medium,Decreasing,17.01907508958708
India,Maharashtra,Pune,Block-3,Pune-Area-2,Town,13.9087,86.0822,9286,Child Vaccination,Vaccine,0,5,2581,2405,176,93.18093762107709,6.819062378922898,Low,5.006484513852606,603.0,Low,Increasing,3.642672038068027
India,Maharashtra,Pune,Block-3,Pune-Area-2,Town,13.9087,86.0822,9286,TB Screening,Screening,18,80,2590,2151,439,83.05019305019306,16.949806949806952,Low,12.098005713471442,493.0,Low,Decreasing,8.708044323510054
India,Maharashtra,Pune,Block-3,Pune-Area-2,Town,13.9087,86.0822,9286,Diabetes Screening,Screening,30,80,4379,3620,759,82.66727563370632,17.332724366293675,Low,12.366047905012149,487.0,Low,Decreasing,8.899503031753415
India,Maharashtra,Pune,Block-4,Pune-Area-3,Town,9.3559,74.984,2788,Child Vaccination,Vaccine,0,5,1375,986,389,71.70909090909092,28.29090909090909,Medium,19.873633852966012,365.0,Medium,Increasing,14.215452034784196
India,Maharashtra,Pune,Block-4,Pune-Area-3,Town,9.3559,74.984,2788,TB Screening,Screening,18,80,1162,925,237,79.60413080895009,20.395869191049915,Medium,14.347105923064591,452.0,Low,Increasing,10.267932084854609
India,Maharashtra,Pune,Block-4,Pune-Area-3,Town,9.3559,74.984,2788,Diabetes Screening,Screening,30,80,1187,855,332,72.03032855939342,27.969671440606568,Medium,19.648767497754246,367.0,Medium,Decreasing,14.054833209632935
India,Maharashtra,Pune,Block-5,Pune-Area-4,Town,11.6002,79.2929,9502,Child Vaccination,Vaccine,0,5,3976,1963,2013,49.37122736418511,50.62877263581489,High,35.6787047416308,99.0,High,Decreasing,25.552950214467828
India,Maharashtra,Pune,Block-5,Pune-Area-4,Town,11.6002,79.2929,9502,TB Screening,Screening,18,80,3315,2472,843,74.57013574660634,25.429864253393664,Medium,18.039468873935945,389.0,Medium,Decreasing,12.953496023257214
India,Maharashtra,Pune,Block-5,Pune-Area-4,Town,11.6002,79.2929,9502,Diabetes Screening,Screening,30,80,2723,2017,706,74.07271391847227,25.92728608152773,Medium,18.387664153629792,386.0,Medium,Increasing,13.202206937324247
India,Maharashtra,Pune,Block-1,Pune-Area-5,Ward,24.0772,89.0008,8051,Child Vaccination,Vaccine,0,5,2866,2472,394,86.25261688764829,13.747383112351711,Low,9.825302248442833,528.0,Low,Stable,7.075825625972492
India,Maharashtra,Pune,Block-1,Pune-Area-5,Ward,24.0772,89.0008,8051,TB Screening,Screening,18,80,3619,1741,1878,48.10721193699917,51.89278806300083,High,36.527085713897215,89.0,High,Increasing,26.14852810129705
India,Maharashtra,Pune,Block-1,Pune-Area-5,Ward,24.0772,89.0008,8051,Diabetes Screening,Screening,30,80,3824,2961,863,77.43200836820083,22.567991631799163,Medium,15.999728212056048,421.0,Low,Increasing,11.486129885696217
India,Maharashtra,Pune,Block-2,Pune-Area-6,Ward,30.0052,87.8404,7791,Child Vaccination,Vaccine,0,5,3976,1659,2317,41.725352112676056,58.27464788732394,High,40.98785984801603,17.0,Critical,Decreasing,29.33293027055125
India,Maharashtra,Pune,Block-2,Pune-Area-6,Ward,30.0052,87.8404,7791,TB Screening,Screening,18,80,3633,3347,286,92.12771813927884,7.872281860721167,Low,5.706203629394096,593.0,Low,Decreasing,4.131747257249863
India,Maharashtra,Pune,Block-2,Pune-Area-6,Ward,30.0052,87.8404,7791,Diabetes Screening,Screening,30,80,4211,1938,2273,46.02232248872002,53.97767751127998,High,37.97998058478526,63.0,High,Decreasing,27.18444508252927
India,Maharashtra,Pune,Block-3,Pune-Area-7,Ward,20.0397,73.1832,8577,Child Vaccination,Vaccine,0,5,3689,1514,2175,41.04093250203307,58.959067497966934,High,41.48668744440914,7.0,Critical,Increasing,29.694873944815754
India,Maharashtra,Pune,Block-3,Pune-Area-7,Ward,20.0397,73.1832,8577,TB Screening,Screening,18,80,3049,1745,1304,57.23187930469006,42.76812069530994,High,30.15302468254924,185.0,High,Decreasing,21.599400543487256
India,Maharashtra,Pune,Block-3,Pune-Area-7,Ward,20.0397,73.1832,8577,Diabetes Screening,Screening,30,80,3631,1754,1877,48.3062517212889,51.69374827871109,High,36.40096399093005,90.0,High,Decreasing,26.062214335187832
India,Maharashtra,Pune,Block-4,Pune-Area-8,Town,14.9982,74.9448,11247,Child Vaccination,Vaccine,0,5,3529,2751,778,77.95409464437519,22.04590535562482,Medium,15.714508843087513,430.0,Low,Stable,11.30532777196255
India,Maharashtra,Pune,Block-4,Pune-Area-8,Town,14.9982,74.9448,11247,TB Screening,Screening,18,80,5027,3145,1882,62.56216431271135,37.43783568728864,Medium,26.488860075252184,246.0,Medium,Increasing,19.001292937794457
India,Maharashtra,Pune,Block-4,Pune-Area-8,Town,14.9982,74.9448,11247,Diabetes Screening,Screening,30,80,3568,2948,620,82.62331838565022,17.376681614349778,Low,12.446052224194982,485.0,Low,Decreasing,8.970715901325027
India,Maharashtra,Pune,Block-5,Pune-Area-9,Town,28.677,80.426,11068,Child Vaccination,Vaccine,0,5,3126,2833,293,90.62699936020474,9.373000639795267,Low,6.838981442082145,570.0,Low,Decreasing,4.9643813141230915
India,Maharashtra,Pune,Block-5,Pune-Area-9,Town,28.677,80.426,11068,TB Screening,Screening,18,80,5573,4904,669,87.99569352233986,12.004306477660148,Low,8.68089552858756,544.0,Low,Increasing,6.280034233055532
India,Maharashtra,Pune,Block-5,Pune-Area-9,Town,28.677,80.426,11068,Diabetes Screening,Screening,30,80,3987,3208,779,80.46149987459242,19.538500125407573,Low,13.95483108201076,460.0,Low,Stable,10.047131056929246
India,Maharashtra,Pune,Block-1,Pune-Area-10,Village,15.4141,71.5497,5481,Child Vaccination,Vaccine,0,5,2624,1139,1485,43.40701219512195,56.59298780487805,High,39.7527013052424,35.0,Critical,Increasing,28.434103744266793
India,Maharashtra,Pune,Block-1,Pune-Area-10,Village,15.4141,71.5497,5481,TB Screening,Screening,18,80,2314,1101,1213,47.579948141745895,52.420051858254105,High,36.83164614260564,83.0,High,Increasing,26.34763577095482
India,Maharashtra,Pune,Block-1,Pune-Area-10,Village,15.4141,71.5497,5481,Diabetes Screening,Screening,30,80,2697,1386,1311,51.39043381535039,48.60956618464961,High,34.164306171082494,121.0,High,Decreasing,24.442392934152572
India,Maharashtra,Pune,Block-2,Pune-Area-11,Village,15.3363,76.3942,9649,Child Vaccination,Vaccine,0,5,4858,2811,2047,57.863318237958005,42.136681762041995,High,29.73793181540278,194.0,High,Increasing,21.310595462994385
India,Maharashtra,Pune,Block-2,Pune-Area-11,Village,15.3363,76.3942,9649,TB Screening,Screening,18,80,5233,3999,1234,76.41888018345118,23.581119816548824,Medium,16.749038453557564,410.0,Low,Decreasing,12.0328144902478
India,Maharashtra,Pune,Block-2,Pune-Area-11,Village,15.3363,76.3942,9649,Diabetes Screening,Screening,30,80,4781,3294,1487,68.89772014222966,31.10227985777034,Medium,22.013850482412625,317.0,Medium,Increasing,15.793394510858558
India,Maharashtra,Pune,Block-3,Pune-Area-12,Village,11.7361,74.6252,3303,Child Vaccination,Vaccine,0,5,1433,820,613,57.22260990928123,42.77739009071877,High,30.02710050513005,187.0,High,Increasing,21.4716224869863
India,Maharashtra,Pune,Block-3,Pune-Area-12,Village,11.7361,74.6252,3303,TB Screening,Screening,18,80,1462,724,738,49.52120383036936,50.47879616963065,High,35.418084760368366,104.0,High,Decreasing,25.32232552644224
India,Maharashtra,Pune,Block-3,Pune-Area-12,Village,11.7361,74.6252,3303,Diabetes Screening,Screening,30,80,851,767,84,90.12925969447708,9.870740305522913,Low,6.992445655492953,567.0,Low,Increasing,5.018297594388371
India,Maharashtra,Pune,Block-4,Pune-Area-13,Ward,13.7767,78.2974,6221,Child Vaccination,Vaccine,0,5,3289,1934,1355,58.80206749771967,41.197932502280324,High,28.99474155400647,204.0,High,Increasing,20.755155053550407
India,Maharashtra,Pune,Block-4,Pune-Area-13,Ward,13.7767,78.2974,6221,TB Screening,Screening,18,80,3103,1845,1258,59.45858846277796,40.54141153722205,High,28.535176878465677,217.0,High,Decreasing,20.42689457102127
India,Maharashtra,Pune,Block-4,Pune-Area-13,Ward,13.7767,78.2974,6221,Diabetes Screening,Screening,30,80,2054,1693,361,82.42453748782863,17.575462512171374,Low,12.459012560930205,484.0,Low,Decreasing,8.94392005849593
India,Maharashtra,Pune,Block-5,Pune-Area-14,Ward,20.58,71.2453,7683,Child Vaccination,Vaccine,0,5,2336,1860,476,79.62328767123287,20.376712328767123,Medium,14.456593433049363,449.0,Low,Increasing,10.381250967295939
India,Maharashtra,Pune,Block-5,Pune-Area-14,Ward,20.58,71.2453,7683,TB Screening,Screening,18,80,3540,2668,872,75.36723163841808,24.63276836158192,Medium,17.43583265601972,398.0,Low,Increasing,12.509278983703338
India,Maharashtra,Pune,Block-5,Pune-Area-14,Ward,20.58,71.2453,7683,Diabetes Screening,Screening,30,80,2632,2056,576,78.11550151975683,21.88449848024316,Medium,15.512043739082587,432.0,Low,Increasing,11.135144043033957
India,Maharashtra,Nagpur,Block-2,Nagpur-Area-1,Town,32.4306,81.6816,1120,Child Vaccination,Vaccine,0,5,394,289,105,73.3502538071066,26.649746192893403,Medium,18.682941842933992,380.0,Medium,Decreasing,13.352992604355313
India,Maharashtra,Nagpur,Block-2,Nagpur-Area-1,Town,32.4306,81.6816,1120,TB Screening,Screening,18,80,282,142,140,50.35460992907801,49.645390070921984,High,34.779892557554,112.0,High,Increasing,24.850814543369605
India,Maharashtra,Nagpur,Block-2,Nagpur-Area-1,Town,32.4306,81.6816,1120,Diabetes Screening,Screening,30,80,572,306,266,53.4965034965035,46.50349650349651,High,32.58056706035617,139.0,High,Decreasing,23.279867759656867
India,Maharashtra,Nagpur,Block-3,Nagpur-Area-2,Ward,18.2703,70.1179,6563,Child Vaccination,Vaccine,0,5,2755,1947,808,70.6715063520871,29.328493647912886,Medium,20.694720848542786,350.0,Medium,Stable,14.829022118960209
India,Maharashtra,Nagpur,Block-3,Nagpur-Area-2,Ward,18.2703,70.1179,6563,TB Screening,Screening,18,80,2429,1272,1157,52.36722931247427,47.632770687525735,High,33.507714776271776,128.0,High,Increasing,23.981160638766635
India,Maharashtra,Nagpur,Block-3,Nagpur-Area-2,Ward,18.2703,70.1179,6563,Diabetes Screening,Screening,30,80,1920,1795,125,93.48958333333334,6.510416666666667,Low,4.722066961670433,606.0,Low,Increasing,3.4199836283370995
India,Maharashtra,Nagpur,Block-4,Nagpur-Area-3,Town,28.3438,87.069,7665,Child Vaccination,Vaccine,0,5,3372,1900,1472,56.34638196915777,43.65361803084223,High,30.74997550383912,170.0,High,Decreasing,22.019251897670678
India,Maharashtra,Nagpur,Block-4,Nagpur-Area-3,Town,28.3438,87.069,7665,TB Screening,Screening,18,80,1986,1110,876,55.89123867069487,44.10876132930513,High,31.068575812763154,164.0,High,Increasing,22.246823546902128
India,Maharashtra,Nagpur,Block-4,Nagpur-Area-3,Town,28.3438,87.069,7665,Diabetes Screening,Screening,30,80,3631,1866,1765,51.39080143211237,48.60919856788763,High,34.2188818797709,120.0,High,Decreasing,24.497042166193378
India,Maharashtra,Nagpur,Block-5,Nagpur-Area-4,Ward,28.1829,80.9226,10683,Child Vaccination,Vaccine,0,5,3360,2646,714,78.75,21.25,Medium,15.143214913381872,438.0,Low,Stable,10.893214913381874
India,Maharashtra,Nagpur,Block-5,Nagpur-Area-4,Ward,28.1829,80.9226,10683,TB Screening,Screening,18,80,4016,2306,1710,57.420318725099605,42.5796812749004,High,30.073991805812152,186.0,High,Increasing,21.558055550832073
India,Maharashtra,Nagpur,Block-5,Nagpur-Area-4,Ward,28.1829,80.9226,10683,Diabetes Screening,Screening,30,80,3763,2227,1536,59.181504119053955,40.81849588094605,High,28.841162030044107,210.0,High,Increasing,20.677462853854898
India,Maharashtra,Nagpur,Block-1,Nagpur-Area-5,Village,21.1822,75.4587,8756,Child Vaccination,Vaccine,0,5,3161,2887,274,91.33185700727617,8.668142992723823,Low,6.287534390663643,579.0,Low,Increasing,4.553905792118878
India,Maharashtra,Nagpur,Block-1,Nagpur-Area-5,Village,21.1822,75.4587,8756,TB Screening,Screening,18,80,4084,3420,664,83.74142997061705,16.25857002938296,Low,11.600833316325039,501.0,Low,Decreasing,8.349119310448447
India,Maharashtra,Nagpur,Block-1,Nagpur-Area-5,Village,21.1822,75.4587,8756,Diabetes Screening,Screening,30,80,4229,2327,1902,55.024828564672504,44.975171435327496,High,31.702454300486213,152.0,High,Increasing,22.707420013420716
India,Maharashtra,Nagpur,Block-2,Nagpur-Area-6,Village,18.4991,83.3775,7424,Child Vaccination,Vaccine,0,5,3120,1457,1663,46.69871794871795,53.30128205128205,High,37.49728960260594,71.0,High,Increasing,26.837033192349537
India,Maharashtra,Nagpur,Block-2,Nagpur-Area-6,Village,18.4991,83.3775,7424,TB Screening,Screening,18,80,2045,1579,466,77.21271393643032,22.78728606356968,Medium,16.137492411207287,420.0,Low,Decreasing,11.580035198493352
India,Maharashtra,Nagpur,Block-2,Nagpur-Area-6,Village,18.4991,83.3775,7424,Diabetes Screening,Screening,30,80,1973,1201,772,60.87176887987836,39.12823112012164,Medium,27.576153950793657,230.0,Medium,Decreasing,19.75050772676933
India,Maharashtra,Nagpur,Block-3,Nagpur-Area-7,Ward,12.4562,79.3478,2891,Child Vaccination,Vaccine,0,5,859,806,53,93.83003492433062,6.169965075669383,Low,4.391559032757671,616.0,Low,Decreasing,3.1575660176237954
India,Maharashtra,Nagpur,Block-3,Nagpur-Area-7,Ward,12.4562,79.3478,2891,TB Screening,Screening,18,80,1258,1069,189,84.97615262321145,15.023847376788554,Low,10.589276643541092,519.0,Low,Decreasing,7.58450716818338
India,Maharashtra,Nagpur,Block-3,Nagpur-Area-7,Ward,12.4562,79.3478,2891,Diabetes Screening,Screening,30,80,1307,1209,98,92.50191277735271,7.4980872226472846,Low,5.321244535642203,598.0,Low,Decreasing,3.821627091112746
India,Maharashtra,Nagpur,Block-4,Nagpur-Area-8,Ward,22.4213,88.1386,10497,Child Vaccination,Vaccine,0,5,3481,2932,549,84.22866992243608,15.771330077563919,Low,11.303476120827506,505.0,Low,Stable,8.149210105314724
India,Maharashtra,Nagpur,Block-4,Nagpur-Area-8,Ward,22.4213,88.1386,10497,TB Screening,Screening,18,80,4708,2635,2073,55.968564146134234,44.03143585386576,High,31.085550164238793,163.0,High,Increasing,22.279262993465643
India,Maharashtra,Nagpur,Block-4,Nagpur-Area-8,Ward,22.4213,88.1386,10497,Diabetes Screening,Screening,30,80,4153,2318,1835,55.81507344088611,44.1849265591139,High,31.19299365791249,159.0,High,Increasing,22.356008346089713
India,Maharashtra,Nagpur,Block-5,Nagpur-Area-9,Ward,25.901,71.6789,7822,Child Vaccination,Vaccine,0,5,2992,2371,621,79.24465240641712,20.755347593582886,Medium,14.725127950205485,443.0,Low,Decreasing,10.574058431488908
India,Maharashtra,Nagpur,Block-5,Nagpur-Area-9,Ward,25.901,71.6789,7822,TB Screening,Screening,18,80,2596,1532,1064,59.01386748844376,40.98613251155624,High,28.88667739278683,207.0,High,Decreasing,20.689450890475584
India,Maharashtra,Nagpur,Block-5,Nagpur-Area-9,Ward,25.901,71.6789,7822,Diabetes Screening,Screening,30,80,3727,2397,1330,64.31446203380735,35.68553796619265,Medium,25.176261211032315,259.0,Medium,Increasing,18.039153617793787
India,Maharashtra,Nagpur,Block-1,Nagpur-Area-10,Village,31.405,73.6346,5062,Child Vaccination,Vaccine,0,5,1438,778,660,54.1029207232267,45.8970792767733,High,32.25504562680683,147.0,High,Increasing,23.075629771452178
India,Maharashtra,Nagpur,Block-1,Nagpur-Area-10,Village,31.405,73.6346,5062,TB Screening,Screening,18,80,1918,1272,646,66.31908237747653,33.68091762252346,Medium,23.703732468831948,285.0,Medium,Increasing,16.96754894432726
India,Maharashtra,Nagpur,Block-1,Nagpur-Area-10,Village,31.405,73.6346,5062,Diabetes Screening,Screening,30,80,1695,866,829,51.09144542772861,48.908554572271385,High,34.363078333655494,118.0,High,Increasing,24.58136741920122
India,Maharashtra,Nagpur,Block-2,Nagpur-Area-11,Town,16.8385,79.094,6329,Child Vaccination,Vaccine,0,5,2870,1998,872,69.61672473867596,30.383275261324044,Medium,21.427193009313974,333.0,Medium,Decreasing,15.350537957049168
India,Maharashtra,Nagpur,Block-2,Nagpur-Area-11,Town,16.8385,79.094,6329,TB Screening,Screening,18,80,2506,2288,218,91.30087789305666,8.699122106943335,Low,6.24828580124748,581.0,Low,Increasing,4.508461379858813
India,Maharashtra,Nagpur,Block-2,Nagpur-Area-11,Town,16.8385,79.094,6329,Diabetes Screening,Screening,30,80,2848,2229,619,78.26544943820225,21.734550561797754,Medium,15.373085719645573,434.0,Low,Increasing,11.026175607286023
India,Maharashtra,Nagpur,Block-3,Nagpur-Area-12,Town,15.5129,89.0241,7706,Child Vaccination,Vaccine,0,5,2031,965,1066,47.513540128015755,52.486459871984245,High,36.933994167481615,79.0,High,Increasing,26.436702193084766
India,Maharashtra,Nagpur,Block-3,Nagpur-Area-12,Town,15.5129,89.0241,7706,TB Screening,Screening,18,80,2840,2097,743,73.83802816901408,26.161971830985912,Medium,18.50685253878278,382.0,Medium,Increasing,13.2744581725856
India,Maharashtra,Nagpur,Block-3,Nagpur-Area-12,Town,15.5129,89.0241,7706,Diabetes Screening,Screening,30,80,3312,2393,919,72.25241545893721,27.747584541062803,Medium,19.616781435836604,369.0,Medium,Decreasing,14.067264527624046
India,Maharashtra,Nagpur,Block-4,Nagpur-Area-13,Town,30.5426,79.4061,9637,Child Vaccination,Vaccine,0,5,2431,1296,1135,53.31139448786507,46.68860551213492,High,32.92397716002595,132.0,High,Increasing,23.58625605759897
India,Maharashtra,Nagpur,Block-4,Nagpur-Area-13,Town,30.5426,79.4061,9637,TB Screening,Screening,18,80,3280,2520,760,76.82926829268293,23.170731707317074,Medium,16.46146549665346,416.0,Low,Increasing,11.827319155190047
India,Maharashtra,Nagpur,Block-4,Nagpur-Area-13,Town,30.5426,79.4061,9637,Diabetes Screening,Screening,30,80,3019,2089,930,69.195097714475,30.80490228552501,Medium,21.805384901399016,322.0,Medium,Increasing,15.644404444294015
India,Maharashtra,Nagpur,Block-5,Nagpur-Area-14,Village,34.9975,76.9992,11451,Child Vaccination,Vaccine,0,5,3334,2503,831,75.0749850029994,24.9250149970006,Medium,17.73500735956248,392.0,Low,Decreasing,12.750004360162363
India,Maharashtra,Nagpur,Block-5,Nagpur-Area-14,Village,34.9975,76.9992,11451,TB Screening,Screening,18,80,3740,1603,2137,42.86096256684492,57.13903743315508,High,40.284823064870615,26.0,Critical,Increasing,28.857015578239604
India,Maharashtra,Nagpur,Block-5,Nagpur-Area-14,Village,34.9975,76.9992,11451,Diabetes Screening,Screening,30,80,3989,2502,1487,62.722486838806724,37.27751316119328,Medium,26.38175607449736,247.0,Medium,Increasing,18.926253442258705
India,Maharashtra,Nashik,Block-2,Nashik-Area-1,Village,29.0933,83.0351,1308,Child Vaccination,Vaccine,0,5,330,262,68,79.39393939393939,20.606060606060606,Medium,14.457081992407122,448.0,Low,Decreasing,10.335869871195003
India,Maharashtra,Nashik,Block-2,Nashik-Area-1,Village,29.0933,83.0351,1308,TB Screening,Screening,18,80,620,282,338,45.483870967741936,54.516129032258064,High,38.19412989074534,58.0,High,Increasing,27.290904084293732
India,Maharashtra,Nashik,Block-2,Nashik-Area-1,Village,29.0933,83.0351,1308,Diabetes Screening,Screening,30,80,395,325,70,82.27848101265823,17.72151898734177,Low,12.43790285930394,486.0,Low,Increasing,8.893599061835586
India,Maharashtra,Nashik,Block-3,Nashik-Area-2,Village,13.3827,70.4076,3296,Child Vaccination,Vaccine,0,5,1199,483,716,40.283569641367805,59.71643035863219,High,41.88425294574502,3.0,Critical,Decreasing,29.940966874018578
India,Maharashtra,Nashik,Block-3,Nashik-Area-2,Village,13.3827,70.4076,3296,TB Screening,Screening,18,80,1519,1067,452,70.24358130348914,29.75641869651086,Medium,20.912244782260085,347.0,Medium,Increasing,14.960961042957916
India,Maharashtra,Nashik,Block-3,Nashik-Area-2,Village,13.3827,70.4076,3296,Diabetes Screening,Screening,30,80,1318,1200,118,91.04704097116844,8.952959028831563,Low,6.34982301488458,576.0,Low,Decreasing,4.559231209118267
India,Maharashtra,Nashik,Block-4,Nashik-Area-3,Village,11.408,83.3892,10040,Child Vaccination,Vaccine,0,5,5020,3131,1889,62.37051792828685,37.62948207171315,Medium,26.592708753237115,243.0,Medium,Increasing,19.066812338894486
India,Maharashtra,Nashik,Block-4,Nashik-Area-3,Village,11.408,83.3892,10040,TB Screening,Screening,18,80,4938,4514,424,91.41352774402593,8.586472255974078,Low,6.262601882219766,580.0,Low,Decreasing,4.54530743102495
India,Maharashtra,Nashik,Block-4,Nashik-Area-3,Village,11.408,83.3892,10040,Diabetes Screening,Screening,30,80,2727,2408,319,88.3021635496883,11.697836450311698,Low,8.440556818256098,548.0,Low,Decreasing,6.10098952819376
India,Maharashtra,Nashik,Block-5,Nashik-Area-4,Village,20.5559,75.1249,6843,Child Vaccination,Vaccine,0,5,3479,2305,1174,66.25467088243748,33.74532911756252,Medium,23.79353555427468,284.0,Medium,Increasing,17.044469730762177
India,Maharashtra,Nashik,Block-5,Nashik-Area-4,Village,20.5559,75.1249,6843,TB Screening,Screening,18,80,1797,915,882,50.918196994991646,49.08180300500835,High,34.52906727548676,115.0,High,Decreasing,24.71270667448509
India,Maharashtra,Nashik,Block-5,Nashik-Area-4,Village,20.5559,75.1249,6843,Diabetes Screening,Screening,30,80,1749,1626,123,92.96740994854203,7.032590051457976,Low,5.094618208001503,601.0,Low,Decreasing,3.688100197709907
India,Maharashtra,Nashik,Block-1,Nashik-Area-5,Village,24.3591,89.2747,2676,Child Vaccination,Vaccine,0,5,1408,811,597,57.59943181818182,42.40056818181818,High,29.747583265811514,193.0,High,Increasing,21.26746962944788
India,Maharashtra,Nashik,Block-1,Nashik-Area-5,Village,24.3591,89.2747,2676,TB Screening,Screening,18,80,1361,1027,334,75.4592211609111,24.540778839088905,Medium,17.245730725901023,403.0,Low,Decreasing,12.337574958083243
India,Maharashtra,Nashik,Block-1,Nashik-Area-5,Village,24.3591,89.2747,2676,Diabetes Screening,Screening,30,80,1131,1017,114,89.92042440318302,10.079575596816976,Low,7.1228884563106725,564.0,Low,Increasing,5.106973336947278
India,Maharashtra,Nashik,Block-2,Nashik-Area-6,Village,34.0475,72.162,1220,Child Vaccination,Vaccine,0,5,514,230,284,44.74708171206226,55.252918287937746,High,38.707672979814014,55.0,Critical,Increasing,27.65708932222647
India,Maharashtra,Nashik,Block-2,Nashik-Area-6,Village,34.0475,72.162,1220,TB Screening,Screening,18,80,564,403,161,71.45390070921985,28.54609929078014,Medium,20.01289968180369,360.0,Medium,Decreasing,14.303679823647665
India,Maharashtra,Nashik,Block-2,Nashik-Area-6,Village,34.0475,72.162,1220,Diabetes Screening,Screening,30,80,457,317,140,69.36542669584244,30.63457330415755,Medium,21.47483149116788,331.0,Medium,Decreasing,15.347916830336368
India,Maharashtra,Nashik,Block-3,Nashik-Area-7,Town,23.5465,88.1605,6949,Child Vaccination,Vaccine,0,5,1977,1577,400,79.76732422862923,20.232675771370765,Medium,14.337339522510375,453.0,Low,Increasing,10.290804368236223
India,Maharashtra,Nashik,Block-3,Nashik-Area-7,Town,23.5465,88.1605,6949,TB Screening,Screening,18,80,1780,1628,152,91.46067415730337,8.539325842696629,Low,6.151994572438481,584.0,Low,Increasing,4.444129403899155
India,Maharashtra,Nashik,Block-3,Nashik-Area-7,Town,23.5465,88.1605,6949,Diabetes Screening,Screening,30,80,2414,2178,236,90.22369511184756,9.776304888152444,Low,7.017879904257551,566.0,Low,Increasing,5.062618926627063
India,Maharashtra,Nashik,Block-4,Nashik-Area-8,Town,33.4197,73.9666,10500,Child Vaccination,Vaccine,0,5,5149,2555,2594,49.62128568654108,50.37871431345893,High,35.52872040606448,101.0,High,Increasing,25.452977543372697
India,Maharashtra,Nashik,Block-4,Nashik-Area-8,Town,33.4197,73.9666,10500,TB Screening,Screening,18,80,4572,4047,525,88.51706036745406,11.482939632545932,Low,8.301678129425387,551.0,Low,Decreasing,6.005090202916199
India,Maharashtra,Nashik,Block-4,Nashik-Area-8,Town,33.4197,73.9666,10500,Diabetes Screening,Screening,30,80,5245,2605,2640,49.666348903717825,50.333651096282175,High,35.49717615404075,102.0,High,Increasing,25.43044593478432
India,Maharashtra,Nashik,Block-5,Nashik-Area-9,Ward,30.4254,74.857,5741,Child Vaccination,Vaccine,0,5,3019,2734,285,90.55978800927458,9.440211990725405,Low,6.752285978242908,571.0,Low,Increasing,4.864243580097827
India,Maharashtra,Nashik,Block-5,Nashik-Area-9,Ward,30.4254,74.857,5741,TB Screening,Screening,18,80,1587,1505,82,94.83301827347196,5.16698172652804,Low,3.7610247933047525,629.0,Low,Decreasing,2.7276284479991446
India,Maharashtra,Nashik,Block-5,Nashik-Area-9,Ward,30.4254,74.857,5741,Diabetes Screening,Screening,30,80,2889,1786,1103,61.82069920387677,38.17930079612323,Medium,26.869648142021383,240.0,Medium,Decreasing,19.233787982796738
India,Maharashtra,Nashik,Block-1,Nashik-Area-10,Ward,24.2111,72.4211,10072,Child Vaccination,Vaccine,0,5,3253,2187,1066,67.23024900092223,32.76975099907777,Medium,23.191700416904023,290.0,Medium,Increasing,16.63775021708847
India,Maharashtra,Nashik,Block-1,Nashik-Area-10,Ward,24.2111,72.4211,10072,TB Screening,Screening,18,80,4297,3932,365,91.50570165231558,8.494298347684431,Low,6.198883560928687,583.0,Low,Stable,4.500023891391801
India,Maharashtra,Nashik,Block-1,Nashik-Area-10,Ward,24.2111,72.4211,10072,Diabetes Screening,Screening,30,80,4101,3810,291,92.90416971470373,7.095830285296269,Low,5.219955917256973,600.0,Low,Decreasing,3.80078986019772
India,Maharashtra,Nashik,Block-2,Nashik-Area-11,Village,17.3745,78.5676,6871,Child Vaccination,Vaccine,0,5,2533,2303,230,90.91985787603633,9.080142123963679,Low,6.528607646453209,573.0,Low,Increasing,4.712579221660474
India,Maharashtra,Nashik,Block-2,Nashik-Area-11,Village,17.3745,78.5676,6871,TB Screening,Screening,18,80,2357,2079,278,88.20534577853203,11.794654221467967,Low,8.42876611470621,549.0,Low,Decreasing,6.069835270412618
India,Maharashtra,Nashik,Block-2,Nashik-Area-11,Village,17.3745,78.5676,6871,Diabetes Screening,Screening,30,80,2417,979,1438,40.5047579644187,59.4952420355813,High,41.81917758458554,5.0,Critical,Decreasing,29.920129177469285
India,Maharashtra,Nashik,Block-3,Nashik-Area-12,Village,21.6609,76.8246,7682,Child Vaccination,Vaccine,0,5,2688,1914,774,71.20535714285714,28.794642857142854,Medium,20.349119696208884,356.0,Medium,Decreasing,14.590191124780315
India,Maharashtra,Nashik,Block-3,Nashik-Area-12,Village,21.6609,76.8246,7682,TB Screening,Screening,18,80,2307,1058,1249,45.8604247941049,54.139575205895106,High,38.09057234033546,60.0,High,Decreasing,27.26265729915644
India,Maharashtra,Nashik,Block-3,Nashik-Area-12,Village,21.6609,76.8246,7682,Diabetes Screening,Screening,30,80,3096,2912,184,94.05684754521964,5.943152454780361,Low,4.35307641455514,618.0,Low,Decreasing,3.1644459235990685
India,Maharashtra,Nashik,Block-4,Nashik-Area-13,Town,10.8495,89.2158,11213,Child Vaccination,Vaccine,0,5,3186,1773,1413,55.6497175141243,44.35028248587571,High,31.326719206344478,157.0,High,Decreasing,22.45666270916934
India,Maharashtra,Nashik,Block-4,Nashik-Area-13,Town,10.8495,89.2158,11213,TB Screening,Screening,18,80,4518,4265,253,94.40017706949978,5.599822930500221,Low,4.201397517581638,619.0,Low,Increasing,3.0814329314815945
India,Maharashtra,Nashik,Block-4,Nashik-Area-13,Town,10.8495,89.2158,11213,Diabetes Screening,Screening,30,80,5850,4088,1762,69.88034188034187,30.119658119658123,Medium,21.36528214999217,334.0,Medium,Decreasing,15.341350526060545
India,Maharashtra,Nashik,Block-5,Nashik-Area-14,Town,27.0973,78.7097,9348,Child Vaccination,Vaccine,0,5,3316,2227,1089,67.15922798552472,32.84077201447527,Medium,23.223237874355636,289.0,Medium,Decreasing,16.655083471460582
India,Maharashtra,Nashik,Block-5,Nashik-Area-14,Town,27.0973,78.7097,9348,TB Screening,Screening,18,80,4376,4009,367,91.61334552102377,8.386654478976235,Low,6.105355599506312,585.0,Low,Increasing,4.428024703711065
India,Maharashtra,Nashik,Block-5,Nashik-Area-14,Town,27.0973,78.7097,9348,Diabetes Screening,Screening,30,80,4633,4021,612,86.79041657673214,13.209583423267862,Low,9.48140586051045,535.0,Low,Decreasing,6.839489175856879
India,Telangana,Hyderabad,Block-2,Hyderabad-Area-1,Ward,15.2922,86.164,9617,Child Vaccination,Vaccine,0,5,4755,3125,1630,65.72029442691904,34.27970557308097,Medium,24.23724506861839,276.0,Medium,Decreasing,17.381303954002195
India,Telangana,Hyderabad,Block-2,Hyderabad-Area-1,Ward,15.2922,86.164,9617,TB Screening,Screening,18,80,3085,1561,1524,50.599675850891416,49.400324149108584,High,34.82167807183772,111.0,High,Decreasing,24.941613242016004
India,Telangana,Hyderabad,Block-2,Hyderabad-Area-1,Ward,15.2922,86.164,9617,Diabetes Screening,Screening,30,80,2826,1305,1521,46.17834394904459,53.82165605095541,High,37.9166104031305,64.0,High,Increasing,27.152279192939417
India,Telangana,Hyderabad,Block-3,Hyderabad-Area-2,Town,20.5516,86.5147,10507,Child Vaccination,Vaccine,0,5,3248,1589,1659,48.922413793103445,51.077586206896555,High,36.01810647839525,97.0,High,Decreasing,25.80258923701594
India,Telangana,Hyderabad,Block-3,Hyderabad-Area-2,Town,20.5516,86.5147,10507,TB Screening,Screening,18,80,4525,2952,1573,65.23756906077348,34.76243093922652,Medium,24.597497791026225,270.0,Medium,Increasing,17.645011603180922
India,Telangana,Hyderabad,Block-3,Hyderabad-Area-2,Town,20.5516,86.5147,10507,Diabetes Screening,Screening,30,80,5023,2719,2304,54.130997411905234,45.869002588094766,High,32.372097945233996,144.0,High,Increasing,23.198297427615046
India,Telangana,Hyderabad,Block-4,Hyderabad-Area-3,Town,16.7022,74.9099,2219,Child Vaccination,Vaccine,0,5,991,497,494,50.15136226034309,49.848637739656915,High,34.94975819280378,109.0,High,Decreasing,24.980030644872393
India,Telangana,Hyderabad,Block-4,Hyderabad-Area-3,Town,16.7022,74.9099,2219,TB Screening,Screening,18,80,672,541,131,80.50595238095238,19.49404761904762,Low,13.701545108377271,464.0,Low,Decreasing,9.802735584567747
India,Telangana,Hyderabad,Block-4,Hyderabad-Area-3,Town,16.7022,74.9099,2219,Diabetes Screening,Screening,30,80,1069,892,177,83.44246959775491,16.55753040224509,Low,11.6459830566155,499.0,Low,Increasing,8.334476976166481
India,Telangana,Hyderabad,Block-5,Hyderabad-Area-4,Town,31.804,74.8773,8413,Child Vaccination,Vaccine,0,5,3350,2386,964,71.22388059701493,28.776119402985074,Medium,20.354506278549508,355.0,Medium,Increasing,14.599282397952491
India,Telangana,Hyderabad,Block-5,Hyderabad-Area-4,Town,31.804,74.8773,8413,TB Screening,Screening,18,80,4007,3271,736,81.63214374844023,18.36785625155977,Low,13.068722072551791,473.0,Low,Increasing,9.395150822239838
India,Telangana,Hyderabad,Block-5,Hyderabad-Area-4,Town,31.804,74.8773,8413,Diabetes Screening,Screening,30,80,4021,1996,2025,49.63939318577468,50.36060681422532,High,35.463647466417676,103.0,High,Decreasing,25.391526103572616
India,Telangana,Hyderabad,Block-1,Hyderabad-Area-5,Ward,24.479,77.5798,1270,Child Vaccination,Vaccine,0,5,488,424,64,86.88524590163934,13.114754098360656,Low,9.212213382284546,539.0,Low,Increasing,6.589262562612414
India,Telangana,Hyderabad,Block-1,Hyderabad-Area-5,Ward,24.479,77.5798,1270,TB Screening,Screening,18,80,669,597,72,89.23766816143498,10.762331838565023,Low,7.565517800427602,559.0,Low,Decreasing,5.413051432714598
India,Telangana,Hyderabad,Block-1,Hyderabad-Area-5,Ward,24.479,77.5798,1270,Diabetes Screening,Screening,30,80,532,454,78,85.33834586466166,14.661654135338345,Low,10.295043408168928,523.0,Low,Decreasing,7.362712581101259
India,Telangana,Hyderabad,Block-2,Hyderabad-Area-6,Town,30.9757,73.6368,4275,Child Vaccination,Vaccine,0,5,1883,1286,597,68.29527349973446,31.704726500265533,Medium,22.3006397076049,312.0,Medium,Decreasing,15.959694407551797
India,Telangana,Hyderabad,Block-2,Hyderabad-Area-6,Town,30.9757,73.6368,4275,TB Screening,Screening,18,80,1869,836,1033,44.729802033172824,55.27019796682718,High,38.796469734198055,54.0,Critical,Increasing,27.74243014083262
India,Telangana,Hyderabad,Block-2,Hyderabad-Area-6,Town,30.9757,73.6368,4275,Diabetes Screening,Screening,30,80,2177,1672,505,76.80293982544787,23.197060174552135,Medium,16.34527327960552,417.0,Low,Increasing,11.705861244695098
India,Telangana,Hyderabad,Block-3,Hyderabad-Area-7,Town,29.5415,76.8068,10567,Child Vaccination,Vaccine,0,5,4630,2322,2308,50.1511879049676,49.84881209503239,High,35.159471002299725,108.0,High,Increasing,25.18970858329325
India,Telangana,Hyderabad,Block-3,Hyderabad-Area-7,Town,29.5415,76.8068,10567,TB Screening,Screening,18,80,3120,1489,1631,47.72435897435898,52.27564102564103,High,36.85825125372577,82.0,High,Decreasing,26.403123048597568
India,Telangana,Hyderabad,Block-3,Hyderabad-Area-7,Town,29.5415,76.8068,10567,Diabetes Screening,Screening,30,80,2858,1651,1207,57.76766969909028,42.23233030090972,High,29.82793374641386,190.0,High,Decreasing,21.381467686231915
India,Telangana,Hyderabad,Block-4,Hyderabad-Area-8,Ward,31.7629,81.1158,9264,Child Vaccination,Vaccine,0,5,3544,1901,1643,53.63995485327314,46.36004514672686,High,32.684620103838604,134.0,High,Increasing,23.41261107449323
India,Telangana,Hyderabad,Block-4,Hyderabad-Area-8,Ward,31.7629,81.1158,9264,TB Screening,Screening,18,80,3157,1715,1442,54.32372505543237,45.67627494456763,High,32.20598096232714,148.0,High,Increasing,23.070725973413616
India,Telangana,Hyderabad,Block-4,Hyderabad-Area-8,Ward,31.7629,81.1158,9264,Diabetes Screening,Screening,30,80,3079,1630,1449,52.93926599545307,47.06073400454693,High,33.17510230431265,129.0,High,Increasing,23.762955503403266
India,Telangana,Hyderabad,Block-5,Hyderabad-Area-9,Village,10.3115,84.4015,8804,Child Vaccination,Vaccine,0,5,2349,1913,436,81.43891017454236,18.561089825457643,Low,13.213802295344827,469.0,Low,Increasing,9.5015843302533
India,Telangana,Hyderabad,Block-5,Hyderabad-Area-9,Village,10.3115,84.4015,8804,TB Screening,Screening,18,80,3540,3273,267,92.45762711864407,7.5423728813559325,Low,5.500700434473631,596.0,Low,Increasing,3.9922258582024455
India,Telangana,Hyderabad,Block-5,Hyderabad-Area-9,Village,10.3115,84.4015,8804,Diabetes Screening,Screening,30,80,3020,1709,1311,56.58940397350993,43.41059602649007,High,30.608456636067526,175.0,High,Decreasing,21.926337430769514
India,Telangana,Hyderabad,Block-1,Hyderabad-Area-10,Ward,28.4704,83.8122,11382,Child Vaccination,Vaccine,0,5,4388,3499,889,79.74020054694621,20.259799453053784,Medium,14.467624116258913,447.0,Low,Increasing,10.415664225648158
India,Telangana,Hyderabad,Block-1,Hyderabad-Area-10,Ward,28.4704,83.8122,11382,TB Screening,Screening,18,80,3039,1234,1805,40.605462323132606,59.39453767686739,High,41.86194087292843,4.0,Critical,Decreasing,29.983033337554957
India,Telangana,Hyderabad,Block-1,Hyderabad-Area-10,Ward,28.4704,83.8122,11382,Diabetes Screening,Screening,30,80,5685,4317,1368,75.93667546174142,24.063324538258577,Medium,17.130091675902268,405.0,Low,Increasing,12.317426768250554
India,Telangana,Hyderabad,Block-2,Hyderabad-Area-11,Ward,21.2522,85.8587,2324,Child Vaccination,Vaccine,0,5,634,495,139,78.07570977917982,21.92429022082019,Medium,15.405351133484501,433.0,Low,Increasing,11.020493089320464
India,Telangana,Hyderabad,Block-2,Hyderabad-Area-11,Ward,21.2522,85.8587,2324,TB Screening,Screening,18,80,1183,513,670,43.3643279797126,56.63567202028741,High,39.70331839311155,37.0,Critical,Decreasing,28.376183989054073
India,Telangana,Hyderabad,Block-2,Hyderabad-Area-11,Ward,21.2522,85.8587,2324,Diabetes Screening,Screening,30,80,1177,547,630,46.47408666100255,53.525913338997455,High,37.52648731620859,70.0,High,Decreasing,26.821304648409097
India,Telangana,Hyderabad,Block-3,Hyderabad-Area-12,Town,13.9831,83.8357,5816,Child Vaccination,Vaccine,0,5,2527,1437,1090,56.86584883260784,43.13415116739216,High,30.33992640467137,178.0,High,Increasing,21.71309617119294
India,Telangana,Hyderabad,Block-3,Hyderabad-Area-12,Town,13.9831,83.8357,5816,TB Screening,Screening,18,80,2338,1456,882,62.27544910179641,37.72455089820359,Medium,26.55320621623937,245.0,Medium,Increasing,19.008296036598654
India,Telangana,Hyderabad,Block-3,Hyderabad-Area-12,Town,13.9831,83.8357,5816,Diabetes Screening,Screening,30,80,2261,1529,732,67.624944714728,32.375055285272005,Medium,22.80855928718726,302.0,Medium,Decreasing,16.333548230132862
India,Telangana,Hyderabad,Block-4,Hyderabad-Area-13,Ward,23.702,79.4652,9498,Child Vaccination,Vaccine,0,5,3953,3527,426,89.22337465216292,10.776625347837086,Low,7.782101213232383,555.0,Low,Increasing,5.626776143664966
India,Telangana,Hyderabad,Block-4,Hyderabad-Area-13,Ward,23.702,79.4652,9498,TB Screening,Screening,18,80,4630,3643,987,78.68250539956804,21.317494600431967,Medium,15.1607096900488,437.0,Low,Increasing,10.897210769962406
India,Telangana,Hyderabad,Block-4,Hyderabad-Area-13,Ward,23.702,79.4652,9498,Diabetes Screening,Screening,30,80,4927,2813,2114,57.09356606454232,42.906433935457684,High,30.2729672245668,181.0,High,Increasing,21.691680437475263
India,Telangana,Hyderabad,Block-5,Hyderabad-Area-14,Town,19.4886,84.9187,6219,Child Vaccination,Vaccine,0,5,2393,1111,1282,46.42707898035938,53.57292101964062,High,37.65718330275169,66.0,High,Decreasing,26.94259909882357
India,Telangana,Hyderabad,Block-5,Hyderabad-Area-14,Town,19.4886,84.9187,6219,TB Screening,Screening,18,80,3065,2770,295,90.37520391517128,9.624796084828711,Low,6.8934958483833615,569.0,Low,Decreasing,4.96853663141762
India,Telangana,Hyderabad,Block-5,Hyderabad-Area-14,Town,19.4886,84.9187,6219,Diabetes Screening,Screening,30,80,2770,1557,1213,56.20938628158845,43.79061371841155,High,30.809568191891344,169.0,High,Decreasing,22.051445448209037
India,Telangana,Warangal,Block-2,Warangal-Area-1,Town,26.9771,75.4183,4918,Child Vaccination,Vaccine,0,5,1703,1256,447,73.75220199647681,26.247798003523194,Medium,18.496933370229225,383.0,Medium,Decreasing,13.24737376952459
India,Telangana,Warangal,Block-2,Warangal-Area-1,Town,26.9771,75.4183,4918,TB Screening,Screening,18,80,1931,1005,926,52.04557224236147,47.95442775763853,High,33.69157419810996,126.0,High,Increasing,24.100688646582256
India,Telangana,Warangal,Block-2,Warangal-Area-1,Town,26.9771,75.4183,4918,Diabetes Screening,Screening,30,80,1452,687,765,47.31404958677686,52.68595041322314,High,37.00364005701919,78.0,High,Stable,26.466449974374562
India,Telangana,Warangal,Block-3,Warangal-Area-2,Village,11.2577,73.8517,2758,Child Vaccination,Vaccine,0,5,740,358,382,48.37837837837838,51.621621621621614,High,36.20437942336009,93.0,High,Increasing,25.88005509903576
India,Telangana,Warangal,Block-3,Warangal-Area-2,Village,11.2577,73.8517,2758,TB Screening,Screening,18,80,775,628,147,81.03225806451613,18.96774193548387,Low,13.346663643063664,468.0,Low,Decreasing,9.55311525596689
India,Telangana,Warangal,Block-3,Warangal-Area-2,Village,11.2577,73.8517,2758,Diabetes Screening,Screening,30,80,1433,1050,383,73.2728541521284,26.727145847871597,Medium,18.77824638173507,377.0,Medium,Increasing,13.432817212160755
India,Telangana,Warangal,Block-4,Warangal-Area-3,Ward,22.4683,85.2438,3833,Child Vaccination,Vaccine,0,5,1353,850,503,62.82335550628233,37.17664449371767,Medium,26.11988514007889,250.0,Medium,Decreasing,18.684556241335358
India,Telangana,Warangal,Block-4,Warangal-Area-3,Ward,22.4683,85.2438,3833,TB Screening,Screening,18,80,1779,1248,531,70.15177065767286,29.848229342327148,Medium,20.989994534105527,343.0,Medium,Increasing,15.0203486656401
India,Telangana,Warangal,Block-4,Warangal-Area-3,Ward,22.4683,85.2438,3833,Diabetes Screening,Screening,30,80,1538,1013,525,65.86475942782835,34.13524057217165,Medium,23.990902394996674,282.0,Medium,Increasing,17.163854280562347
India,Telangana,Warangal,Block-5,Warangal-Area-4,Village,13.8424,79.684,10459,Child Vaccination,Vaccine,0,5,3156,2195,961,69.55006337135615,30.449936628643854,Medium,21.57754665185085,327.0,Medium,Increasing,15.487559326122078
India,Telangana,Warangal,Block-5,Warangal-Area-4,Village,13.8424,79.684,10459,TB Screening,Screening,18,80,3392,2595,797,76.50353773584906,23.496462264150946,Medium,16.71011459670581,412.0,Low,Decreasing,12.010822143875624
India,Telangana,Warangal,Block-5,Warangal-Area-4,Village,13.8424,79.684,10459,Diabetes Screening,Screening,30,80,3988,2074,1914,52.00601805416248,47.99398194583751,High,33.85837837388641,124.0,High,Increasing,24.259581984718906
India,Telangana,Warangal,Block-1,Warangal-Area-5,Ward,24.1133,89.6102,3980,Child Vaccination,Vaccine,0,5,1519,814,705,53.58788676761027,46.41211323238973,High,32.588403942562344,138.0,High,Decreasing,23.305981296084394
India,Telangana,Warangal,Block-1,Warangal-Area-5,Ward,24.1133,89.6102,3980,TB Screening,Screening,18,80,1619,1319,300,81.47004323656579,18.529956763434217,Low,13.070894414293482,472.0,Low,Increasing,9.36490306160664
India,Telangana,Warangal,Block-1,Warangal-Area-5,Ward,24.1133,89.6102,3980,Diabetes Screening,Screening,30,80,1184,1042,142,88.00675675675676,11.993243243243242,Low,8.4951949501598,547.0,Low,Increasing,6.096546301511151
India,Telangana,Warangal,Block-2,Warangal-Area-6,Town,14.142,73.5888,1031,Child Vaccination,Vaccine,0,5,373,165,208,44.23592493297587,55.76407506702413,High,39.0607375582149,50.0,Critical,Increasing,27.90792254481008
India,Telangana,Warangal,Block-2,Warangal-Area-6,Town,14.142,73.5888,1031,TB Screening,Screening,18,80,345,222,123,64.34782608695652,35.65217391304348,Medium,24.98240675042845,262.0,Medium,Increasing,17.851971967819754
India,Telangana,Warangal,Block-2,Warangal-Area-6,Town,14.142,73.5888,1031,Diabetes Screening,Screening,30,80,384,302,82,78.64583333333334,21.354166666666664,Medium,14.973801677964682,442.0,Low,Increasing,10.70296834463135
India,Telangana,Warangal,Block-3,Warangal-Area-7,Ward,22.4216,75.4862,1693,Child Vaccination,Vaccine,0,5,595,263,332,44.20168067226891,55.79831932773109,High,39.101329178420045,48.0,Critical,Increasing,27.94166531287383
India,Telangana,Warangal,Block-3,Warangal-Area-7,Ward,22.4216,75.4862,1693,TB Screening,Screening,18,80,726,515,211,70.93663911845731,29.0633608815427,Medium,20.386858266088172,354.0,Medium,Increasing,14.574186089779635
India,Telangana,Warangal,Block-3,Warangal-Area-7,Ward,22.4216,75.4862,1693,Diabetes Screening,Screening,30,80,824,357,467,43.3252427184466,56.6747572815534,High,39.71483574609566,36.0,Critical,Decreasing,28.379884289784982
India,Telangana,Warangal,Block-4,Warangal-Area-8,Ward,15.8877,88.8818,11250,Child Vaccination,Vaccine,0,5,4997,3503,1494,70.10206123674205,29.897938763257955,Medium,21.211007548541176,337.0,Medium,Increasing,15.231419795889584
India,Telangana,Warangal,Block-4,Warangal-Area-8,Ward,15.8877,88.8818,11250,TB Screening,Screening,18,80,3034,2057,977,67.79828609096901,32.201713909030985,Medium,22.823650150582296,301.0,Medium,Decreasing,16.3833073687761
India,Telangana,Warangal,Block-4,Warangal-Area-8,Ward,15.8877,88.8818,11250,Diabetes Screening,Screening,30,80,3131,2238,893,71.47876077930374,28.521239220696266,Medium,20.247317868747995,357.0,Medium,Stable,14.54307002460874
India,Telangana,Warangal,Block-5,Warangal-Area-9,Town,10.7699,70.2453,5458,Child Vaccination,Vaccine,0,5,2475,1193,1282,48.2020202020202,51.7979797979798,High,36.39561824623336,91.0,High,Increasing,26.0360222866374
India,Telangana,Warangal,Block-5,Warangal-Area-9,Town,10.7699,70.2453,5458,TB Screening,Screening,18,80,1829,1061,768,58.0098414434117,41.9901585565883,High,29.530143377259307,197.0,High,Increasing,21.13211166594165
India,Telangana,Warangal,Block-5,Warangal-Area-9,Town,10.7699,70.2453,5458,Diabetes Screening,Screening,30,80,2549,1749,800,68.61514319340918,31.38485680659082,Medium,22.106432152261075,316.0,Medium,Increasing,15.829460790942912
India,Telangana,Warangal,Block-1,Warangal-Area-10,Town,20.9253,76.8141,1641,Child Vaccination,Vaccine,0,5,733,340,393,46.384720327421554,53.61527967257844,High,37.57189587123172,68.0,High,Increasing,26.848839936716033
India,Telangana,Warangal,Block-1,Warangal-Area-10,Town,20.9253,76.8141,1641,TB Screening,Screening,18,80,856,439,417,51.28504672897196,48.71495327102804,High,34.14166739014644,122.0,High,Increasing,24.398676735940832
India,Telangana,Warangal,Block-1,Warangal-Area-10,Town,20.9253,76.8141,1641,Diabetes Screening,Screening,30,80,840,605,235,72.02380952380952,27.976190476190478,Medium,19.624533433760146,368.0,Medium,Increasing,14.029295338522052
India,Telangana,Warangal,Block-2,Warangal-Area-11,Town,33.4087,79.5546,1870,Child Vaccination,Vaccine,0,5,654,294,360,44.95412844036697,55.04587155963303,High,38.579059627269096,56.0,Critical,Decreasing,27.5698853153425
India,Telangana,Warangal,Block-2,Warangal-Area-11,Town,33.4087,79.5546,1870,TB Screening,Screening,18,80,794,540,254,68.01007556675063,31.98992443324937,Medium,22.439896638800544,308.0,Medium,Increasing,16.04191175215067
India,Telangana,Warangal,Block-2,Warangal-Area-11,Town,33.4087,79.5546,1870,Diabetes Screening,Screening,30,80,546,461,85,84.43223443223444,15.567765567765568,Low,10.944385432961882,513.0,Low,Decreasing,7.830832319408769
India,Telangana,Warangal,Block-3,Warangal-Area-12,Town,21.2772,81.5404,1678,Child Vaccination,Vaccine,0,5,595,386,209,64.87394957983193,35.12605042016806,Medium,24.63036434257358,267.0,Medium,Increasing,17.60515425853997
India,Telangana,Warangal,Block-3,Warangal-Area-12,Town,21.2772,81.5404,1678,TB Screening,Screening,18,80,906,618,288,68.21192052980133,31.788079470198678,Medium,22.29378467759501,313.0,Medium,Increasing,15.936168783555276
India,Telangana,Warangal,Block-3,Warangal-Area-12,Town,21.2772,81.5404,1678,Diabetes Screening,Screening,30,80,771,502,269,65.11024643320363,34.889753566796365,Medium,24.46495654521339,272.0,Medium,Increasing,17.48700583185412
India,Telangana,Warangal,Block-4,Warangal-Area-13,Village,12.0283,81.2568,5778,Child Vaccination,Vaccine,0,5,2123,916,1207,43.1464908148846,56.8535091851154,High,39.94252296234502,31.0,Critical,Decreasing,28.571821125321947
India,Telangana,Warangal,Block-4,Warangal-Area-13,Village,12.0283,81.2568,5778,TB Screening,Screening,18,80,2475,1619,856,65.41414141414141,34.58585858585859,Medium,24.355167542865257,273.0,Medium,Decreasing,17.43799582569354
India,Telangana,Warangal,Block-4,Warangal-Area-13,Village,12.0283,81.2568,5778,Diabetes Screening,Screening,30,80,3070,2590,480,84.36482084690554,15.63517915309446,Low,11.08969193993037,510.0,Low,Stable,7.962656109311478
India,Telangana,Warangal,Block-5,Warangal-Area-14,Village,34.8358,72.369,7618,Child Vaccination,Vaccine,0,5,2612,2083,529,79.74732006125575,20.252679938744258,Medium,14.368138824306516,451.0,Low,Decreasing,10.317602836557668
India,Telangana,Warangal,Block-5,Warangal-Area-14,Village,34.8358,72.369,7618,TB Screening,Screening,18,80,2765,1708,1057,61.77215189873417,38.22784810126582,Medium,26.950756538071612,239.0,Medium,Increasing,19.30518691781845
India,Telangana,Warangal,Block-5,Warangal-Area-14,Village,34.8358,72.369,7618,Diabetes Screening,Screening,30,80,3713,3152,561,84.89092378130891,15.109076218691087,Low,10.7676162202693,517.0,Low,Stable,7.745800976531082
India,Telangana,Nizamabad,Block-2,Nizamabad-Area-1,Ward,24.0954,82.3684,9361,Child Vaccination,Vaccine,0,5,4623,3745,878,81.00800346095609,18.991996539043914,Low,13.529421428699054,467.0,Low,Increasing,9.731022120890271
India,Telangana,Nizamabad,Block-2,Nizamabad-Area-1,Ward,24.0954,82.3684,9361,TB Screening,Screening,18,80,4222,3031,1191,71.7906205589768,28.209379441023213,Medium,19.981589460084564,361.0,Medium,Increasing,14.339713571879921
India,Telangana,Nizamabad,Block-2,Nizamabad-Area-1,Ward,24.0954,82.3684,9361,Diabetes Screening,Screening,30,80,4668,1983,2685,42.48071979434447,57.519280205655534,High,40.498519995327186,23.0,Critical,Increasing,28.99466395419608
India,Telangana,Nizamabad,Block-3,Nizamabad-Area-2,Town,20.1639,78.8544,10442,Child Vaccination,Vaccine,0,5,4924,2902,2022,58.935824532900085,41.064175467099915,High,29.00708702481076,203.0,High,Decreasing,20.794251931390782
India,Telangana,Nizamabad,Block-3,Nizamabad-Area-2,Town,20.1639,78.8544,10442,TB Screening,Screening,18,80,4757,2069,2688,43.49379861257095,56.50620138742906,High,39.816505169041164,33.0,Critical,Increasing,28.515264891555354
India,Telangana,Nizamabad,Block-3,Nizamabad-Area-2,Town,20.1639,78.8544,10442,Diabetes Screening,Screening,30,80,4259,4032,227,94.67011035454333,5.32988964545668,Low,3.993086949660499,623.0,Low,Decreasing,2.9271090205691634
India,Telangana,Nizamabad,Block-4,Nizamabad-Area-3,Town,16.2453,82.4205,10788,Child Vaccination,Vaccine,0,5,4787,4375,412,91.39335700856486,8.606642991435137,Low,6.295501211252901,578.0,Low,Increasing,4.574172612965874
India,Telangana,Nizamabad,Block-4,Nizamabad-Area-3,Town,16.2453,82.4205,10788,TB Screening,Screening,18,80,4067,1781,2286,43.7914925006147,56.2085074993853,High,39.61680636681801,38.0,Critical,Increasing,28.375104866940955
India,Telangana,Nizamabad,Block-4,Nizamabad-Area-3,Town,16.2453,82.4205,10788,Diabetes Screening,Screening,30,80,3868,3533,335,91.33919338159255,8.660806618407445,Low,6.333415750133517,577.0,Low,Decreasing,4.601254426452028
India,Telangana,Nizamabad,Block-5,Nizamabad-Area-4,Ward,10.6793,85.2547,11048,Child Vaccination,Vaccine,0,5,3963,1654,2309,41.73605854150896,58.26394145849104,High,41.06213788109939,16.0,Critical,Decreasing,29.40934958940118
India,Telangana,Nizamabad,Block-5,Nizamabad-Area-4,Ward,10.6793,85.2547,11048,TB Screening,Screening,18,80,3359,2098,1261,62.45906519797558,37.54093480202441,Medium,26.556033221572747,244.0,Medium,Decreasing,19.047846261167866
India,Telangana,Nizamabad,Block-5,Nizamabad-Area-4,Ward,10.6793,85.2547,11048,Diabetes Screening,Screening,30,80,3471,2856,615,82.28176318063959,17.718236819360413,Low,12.68014463370795,480.0,Low,Decreasing,9.136497269835868
India,Telangana,Nizamabad,Block-1,Nizamabad-Area-5,Village,15.1454,71.6237,4729,Child Vaccination,Vaccine,0,5,2526,2074,452,82.10609659540776,17.89390340459224,Low,12.644461984017981,481.0,Low,Increasing,9.065681303099534
India,Telangana,Nizamabad,Block-1,Nizamabad-Area-5,Village,15.1454,71.6237,4729,TB Screening,Screening,18,80,1872,1756,116,93.80341880341881,6.196581196581197,Low,4.4563364384102515,615.0,Low,Increasing,3.217020199094013
India,Telangana,Nizamabad,Block-1,Nizamabad-Area-5,Village,15.1454,71.6237,4729,Diabetes Screening,Screening,30,80,1503,1135,368,75.51563539587491,24.484364604125084,Medium,17.257784823690972,402.0,Low,Decreasing,12.360911902865956
India,Telangana,Nizamabad,Block-2,Nizamabad-Area-6,Village,22.9038,73.1307,7493,Child Vaccination,Vaccine,0,5,2182,1377,805,63.107241063244736,36.89275893675527,Medium,26.013055784978,252.0,Medium,Increasing,18.634503997626947
India,Telangana,Nizamabad,Block-2,Nizamabad-Area-6,Village,22.9038,73.1307,7493,TB Screening,Screening,18,80,2046,1935,111,94.57478005865103,5.425219941348973,Low,3.9857784881935903,625.0,Low,Stable,2.900734499923796
India,Telangana,Nizamabad,Block-2,Nizamabad-Area-6,Village,22.9038,73.1307,7493,Diabetes Screening,Screening,30,80,3771,2301,1470,61.01829753381066,38.98170246618934,Medium,27.47531625558185,231.0,Medium,Increasing,19.67897576234398
India,Telangana,Nizamabad,Block-3,Nizamabad-Area-7,Town,26.613,79.3982,1334,Child Vaccination,Vaccine,0,5,373,327,46,87.66756032171583,12.332439678284182,Low,8.666200117254363,545.0,Low,Decreasing,6.199712181597526
India,Telangana,Nizamabad,Block-3,Nizamabad-Area-7,Town,26.613,79.3982,1334,TB Screening,Screening,18,80,642,576,66,89.7196261682243,10.2803738317757,Low,7.229754024698424,563.0,Low,Increasing,5.173679258343285
India,Telangana,Nizamabad,Block-3,Nizamabad-Area-7,Town,26.613,79.3982,1334,Diabetes Screening,Screening,30,80,667,404,263,60.569715142428784,39.430284857571216,Medium,27.634691742755287,229.0,Medium,Increasing,19.748634771241043
India,Telangana,Nizamabad,Block-4,Nizamabad-Area-8,Village,15.7788,75.6544,8238,Child Vaccination,Vaccine,0,5,4243,3290,953,77.53947678529343,22.460523214706576,Medium,15.929195273643836,426.0,Low,Decreasing,11.437090630702523
India,Telangana,Nizamabad,Block-4,Nizamabad-Area-8,Village,15.7788,75.6544,8238,TB Screening,Screening,18,80,2152,1644,508,76.39405204460967,23.605947955390334,Medium,16.730992592122465,411.0,Low,Increasing,12.009803001044402
India,Telangana,Nizamabad,Block-4,Nizamabad-Area-8,Village,15.7788,75.6544,8238,Diabetes Screening,Screening,30,80,2891,2013,878,69.62988585264614,30.370114147353856,Medium,21.46590892649693,332.0,Medium,Decreasing,15.391886097026163
India,Telangana,Nizamabad,Block-5,Nizamabad-Area-9,Village,26.5594,88.4782,11040,Child Vaccination,Vaccine,0,5,5298,4023,1275,75.93431483578709,24.065685164212912,Medium,17.12315762147678,407.0,Low,Decreasing,12.310020588634199
India,Telangana,Nizamabad,Block-5,Nizamabad-Area-9,Village,26.5594,88.4782,11040,TB Screening,Screening,18,80,3194,1888,1306,59.110832811521604,40.889167188478396,High,28.899595038462618,205.0,High,Decreasing,20.72176160076694
India,Telangana,Nizamabad,Block-5,Nizamabad-Area-9,Village,26.5594,88.4782,11040,Diabetes Screening,Screening,30,80,4007,1996,2011,49.81282755178438,50.18717244821562,High,35.40819872027867,105.0,High,Increasing,25.37076423063555
India,Telangana,Nizamabad,Block-1,Nizamabad-Area-10,Ward,25.8519,88.6734,7765,Child Vaccination,Vaccine,0,5,2319,1612,707,69.51272100043123,30.48727899956878,Medium,21.536048852296688,330.0,Medium,Increasing,15.438593052382934
India,Telangana,Nizamabad,Block-1,Nizamabad-Area-10,Ward,25.8519,88.6734,7765,TB Screening,Screening,18,80,3877,2678,1199,69.0740263090018,30.925973690998195,Medium,21.84313513629728,321.0,Medium,Decreasing,15.657940398097642
India,Telangana,Nizamabad,Block-1,Nizamabad-Area-10,Ward,25.8519,88.6734,7765,Diabetes Screening,Screening,30,80,3737,2990,747,80.01070377308001,19.98929622691999,Low,14.187460911442537,457.0,Low,Increasing,10.18960166605854
India,Telangana,Nizamabad,Block-2,Nizamabad-Area-11,Village,22.7032,82.9527,5152,Child Vaccination,Vaccine,0,5,2538,1326,1212,52.24586288416076,47.75413711583924,High,33.55724571746708,127.0,High,Decreasing,24.006418294299234
India,Telangana,Nizamabad,Block-2,Nizamabad-Area-11,Village,22.7032,82.9527,5152,TB Screening,Screening,18,80,1543,620,923,40.181464679196374,59.81853532080363,High,42.002324460942155,2.0,Critical,Decreasing,30.03861739678143
India,Telangana,Nizamabad,Block-2,Nizamabad-Area-11,Village,22.7032,82.9527,5152,Diabetes Screening,Screening,30,80,1964,810,1154,41.24236252545825,58.757637474541745,High,41.25969596855884,9.0,Critical,Decreasing,29.508168473650485
India,Telangana,Nizamabad,Block-3,Nizamabad-Area-12,Village,9.9281,73.3185,5839,Child Vaccination,Vaccine,0,5,2179,1229,950,56.402019274896745,43.597980725103255,High,30.665184549249403,173.0,High,Increasing,21.945588404228754
India,Telangana,Nizamabad,Block-3,Nizamabad-Area-12,Village,9.9281,73.3185,5839,TB Screening,Screening,18,80,2644,2037,607,77.04236006051437,22.957639939485627,Medium,16.216945999317065,419.0,Low,Decreasing,11.625418011419942
India,Telangana,Nizamabad,Block-3,Nizamabad-Area-12,Village,9.9281,73.3185,5839,Diabetes Screening,Screening,30,80,1875,1311,564,69.92,30.080000000000002,Medium,21.202598041677128,338.0,Medium,Decreasing,15.18659804167713
India,Telangana,Nizamabad,Block-4,Nizamabad-Area-13,Ward,28.2219,81.3841,5528,Child Vaccination,Vaccine,0,5,2118,1466,652,69.21624173748819,30.7837582625118,Medium,21.68742064065005,324.0,Medium,Increasing,15.53066898814769
India,Telangana,Nizamabad,Block-4,Nizamabad-Area-13,Ward,28.2219,81.3841,5528,TB Screening,Screening,18,80,1854,1581,273,85.27508090614887,14.724919093851133,Low,10.446233222587583,520.0,Low,Decreasing,7.501249403817357
India,Telangana,Nizamabad,Block-4,Nizamabad-Area-13,Ward,28.2219,81.3841,5528,Diabetes Screening,Screening,30,80,2623,1406,1217,53.60274494853221,46.39725505146778,High,32.61686839291924,136.0,High,Decreasing,23.33741738262568
India,Telangana,Nizamabad,Block-5,Nizamabad-Area-14,Town,11.3575,83.7736,7394,Child Vaccination,Vaccine,0,5,2844,1679,1165,59.036568213783404,40.963431786216596,High,28.86004121595543,209.0,High,Decreasing,20.667354858712113
India,Telangana,Nizamabad,Block-5,Nizamabad-Area-14,Town,11.3575,83.7736,7394,TB Screening,Screening,18,80,3033,1673,1360,55.15990768216288,44.840092317837126,High,31.5737035880898,155.0,High,Decreasing,22.605685124522378
India,Telangana,Nizamabad,Block-5,Nizamabad-Area-14,Town,11.3575,83.7736,7394,Diabetes Screening,Screening,30,80,2534,2320,214,91.55485398579322,8.445146014206788,Low,6.097241175548568,586.0,Low,Decreasing,4.40821197270721
